time;renderer_bypass;upstream_bypass;integrator_bypass;tracer_bypass;tracer_not_present;auto_zoom;auto_tracking;tracer_manual_bypass;unknown_cam;period;gameclock_minute;gameclock_second;stopped
0;0;0;0;0;0;0;0;0;1;0;0;0;0
1;0;0;0;0;0;0;0;0;1;0;0;0;0
2;0;0;0;0;0;0;0;0;1;0;0;0;0
3;0;0;0;0;0;0;0;0;1;0;0;0;0
4;0;0;0;0;0;0;0;0;1;0;0;0;0
5;0;0;0;0;0;0;0;0;1;0;0;0;0
6;0;0;0;0;0;0;0;0;1;0;0;0;0
7;0;0;0;0;0;0;0;0;1;0;0;0;0
8;0;0;0;0;0;0;0;0;1;0;0;0;0
9;0;0;0;0;0;0;0;0;1;0;0;0;0
10;0;0;0;0;0;0;0;0;1;0;0;0;0
11;0;1;0;1;0;0;0;1;1;3;19;59;False
12;0;1;0;1;0;0;0;1;0;3;19;59;False
13;0;1;0;1;0;0;0;1;0;3;19;58;False
14;0;1;0;1;0;0;0;1;0;3;19;57;False
15;0;1;0;1;0;0;0;1;0;3;19;56;False
16;0;1;0;1;0;0;0;1;0;3;19;55;False
17;0;1;0;1;0;0;0;1;0;3;19;54;False
18;0;0;0;0;0;0;0;0;0;3;19;53;False
19;0;0;0;0;0;0;0;0;0;3;19;52;False
20;0;0;0;0;0;0;0;0;0;3;19;51;False
21;0;0;0;0;0;0;0;0;0;3;19;50;False
22;0;0;0;0;0;0;0;0;0;3;19;49;False
23;0;0;0;0;0;0;0;0;0;3;19;48;False
24;0;0;0;0;0;0;0;0;0;3;19;47;False
25;0;0;0;0;0;0;0;0;0;3;19;46;False
26;0;0;0;0;0;0;0;0;0;3;19;45;False
27;0;0;0;0;0;0;0;0;0;3;19;44;False
28;0;0;0;0;0;0;0;0;0;3;19;43;False
29;0;0;0;0;0;0;0;0;0;3;19;42;False
30;0;0;0;0;0;0;0;0;0;3;19;41;False
31;0;0;0;0;0;0;0;0;0;3;19;40;False
32;0;0;0;0;0;0;0;0;0;3;19;39;False
33;0;0;0;0;0;0;0;0;0;3;19;38;False
34;0;0;0;0;0;0;0;0;0;3;19;37;False
35;0;0;0;0;0;0;0;0;0;3;19;36;False
36;0;0;0;0;0;0;0;0;0;3;19;35;False
37;0;0;0;0;0;0;0;0;0;3;19;34;False
38;0;0;0;0;0;0;0;0;0;3;19;33;False
39;0;0;0;0;0;0;0;0;0;3;19;32;False
40;0;0;0;0;0;0;0;0;0;3;19;31;False
41;0;0;0;0;0;0;0;0;0;3;19;30;False
42;0;0;0;0;0;0;0;0;0;3;19;29;False
43;0;0;0;0;0;0;0;0;0;3;19;28;False
44;0;0;0;0;0;0;0;0;0;3;19;27;False
45;0;0;0;0;0;0;0;0;0;3;19;26;False
46;0;0;0;0;0;0;0;0;0;3;19;25;False
47;0;0;0;0;0;0;0;0;0;3;19;24;False
48;0;0;0;0;0;0;0;0;0;3;19;23;False
49;0;0;0;0;0;0;0;0;0;3;19;22;False
50;0;0;0;0;0;0;0;0;0;3;19;21;True
51;0;0;0;0;0;0;0;0;1;3;19;21;True
52;0;0;0;0;0;0;0;0;1;3;19;21;True
53;0;0;0;0;0;0;0;0;1;3;19;21;True
54;0;0;0;0;0;0;0;0;1;3;19;21;True
55;0;0;0;0;0;0;0;0;1;3;19;21;True
56;0;0;0;0;0;0;0;0;1;3;19;21;True
57;0;0;0;0;0;0;0;0;1;3;19;21;True
58;0;0;0;0;0;0;0;0;1;3;19;21;True
59;0;0;0;0;0;0;0;0;1;3;19;21;True
60;0;0;0;0;0;0;0;0;1;3;19;21;True
61;0;0;0;0;0;0;0;0;1;3;19;21;True
62;0;0;0;0;0;0;0;0;1;3;19;21;True
63;0;0;0;0;0;0;0;0;1;3;19;21;True
64;0;0;0;0;0;0;0;0;1;3;19;21;True
65;0;0;0;0;0;0;0;0;1;3;19;21;True
66;0;0;0;0;0;0;0;0;1;3;19;21;True
67;0;0;0;0;0;0;0;0;1;3;19;21;True
68;0;0;0;0;0;0;0;0;1;3;19;21;True
69;0;0;0;0;0;0;0;0;1;3;19;21;True
70;0;0;0;0;0;0;0;0;1;3;19;21;True
71;0;0;0;0;0;0;0;0;1;3;19;21;True
72;0;0;0;0;0;0;0;0;1;3;19;21;True
73;0;0;0;0;0;0;0;0;0;3;19;20;False
74;0;0;0;0;0;0;0;0;0;3;19;19;False
75;0;0;0;0;0;0;0;0;0;3;19;18;False
76;0;0;0;0;0;0;0;0;0;3;19;17;False
77;0;0;0;0;0;0;0;0;0;3;19;16;False
78;0;0;0;0;0;0;0;0;0;3;19;15;False
79;0;0;0;0;0;0;0;0;0;3;19;14;False
80;0;0;0;0;0;0;0;0;0;3;19;13;False
81;0;0;0;0;0;0;0;0;0;3;19;12;False
82;0;0;0;0;0;0;0;0;0;3;19;11;False
83;0;0;0;0;0;0;0;0;0;3;19;10;False
84;0;0;0;0;0;0;0;0;0;3;19;9;False
85;0;0;0;0;0;0;0;0;0;3;19;8;False
86;0;0;0;0;0;0;0;0;0;3;19;7;False
87;0;0;0;0;0;0;0;0;0;3;19;6;False
88;0;0;0;0;0;0;0;0;0;3;19;5;False
89;0;0;0;0;0;0;0;0;0;3;19;4;False
90;0;0;0;0;0;0;0;0;0;3;19;3;False
91;0;0;0;0;0;0;0;0;0;3;19;2;False
92;0;0;0;0;0;0;0;0;0;3;19;1;False
93;0;0;0;0;0;0;0;0;0;3;19;0;False
94;0;0;0;0;0;0;0;0;0;3;18;59;False
95;0;0;0;0;0;0;0;0;0;3;18;58;False
96;0;0;0;0;0;0;0;0;0;3;18;57;False
97;0;0;0;0;0;0;0;0;0;3;18;56;False
98;0;0;0;0;0;0;0;0;0;3;18;55;False
99;0;0;0;0;0;0;0;0;0;3;18;54;False
100;0;0;0;0;0;0;0;0;0;3;18;53;False
101;0;0;0;0;0;0;0;0;0;3;18;52;False
102;0;0;0;0;0;0;0;0;0;3;18;51;False
103;0;0;0;0;0;0;0;0;0;3;18;50;False
104;0;0;0;0;0;0;0;0;0;3;18;49;False
105;0;0;0;0;0;0;0;0;0;3;18;48;False
106;0;0;0;0;0;0;0;0;0;3;18;47;False
107;0;0;0;0;0;0;0;0;0;3;18;46;False
108;0;0;0;0;0;0;0;0;0;3;18;45;False
109;0;0;0;0;0;0;0;0;0;3;18;44;False
110;0;0;0;0;0;0;0;0;0;3;18;43;False
111;0;0;0;0;0;0;0;0;0;3;18;42;False
112;0;0;0;0;0;0;0;0;0;3;18;41;False
113;0;0;0;0;0;0;0;0;0;3;18;40;False
114;0;0;0;0;0;0;0;0;0;3;18;39;False
115;0;0;0;0;0;0;0;0;0;3;18;38;False
116;0;0;0;0;0;0;0;0;0;3;18;37;False
117;0;0;0;0;0;0;0;0;0;3;18;36;False
118;0;0;0;0;0;0;0;0;0;3;18;35;False
119;0;0;0;0;0;0;0;0;0;3;18;34;False
120;0;0;0;0;0;0;0;0;0;3;18;33;False
121;0;0;0;0;0;0;0;0;0;3;18;32;False
122;0;0;0;0;0;0;0;0;0;3;18;31;False
123;0;0;0;0;0;0;0;0;0;3;18;30;False
124;0;0;0;0;0;0;0;0;0;3;18;29;False
125;0;0;0;0;0;0;0;0;0;3;18;28;False
126;0;0;0;0;0;0;0;0;0;3;18;27;False
127;0;0;0;0;0;0;0;0;0;3;18;26;False
128;0;0;0;0;0;0;0;0;0;3;18;25;False
129;0;0;0;0;0;0;0;0;0;3;18;24;False
130;0;0;0;0;0;0;0;0;0;3;18;23;False
131;0;0;0;0;0;0;0;0;0;3;18;22;False
132;0;0;0;0;0;0;0;0;0;3;18;21;False
133;0;0;0;0;0;0;0;0;0;3;18;20;False
134;0;0;0;0;0;0;0;0;0;3;18;19;False
135;0;0;0;0;0;0;0;0;0;3;18;18;False
136;0;0;0;0;0;0;0;0;0;3;18;17;False
137;0;0;0;0;0;0;0;0;0;3;18;16;False
138;0;0;0;0;0;0;0;0;0;3;18;15;False
139;0;0;0;0;0;0;0;0;0;3;18;14;False
140;0;0;0;0;0;0;0;0;0;3;18;13;False
141;0;0;0;0;0;0;0;0;0;3;18;12;False
142;0;0;0;0;0;0;0;0;0;3;18;11;False
143;0;0;0;0;0;0;0;0;0;3;18;10;False
144;0;0;0;0;0;0;0;0;0;3;18;9;False
145;0;0;0;0;0;0;0;0;0;3;18;8;False
146;0;0;0;0;0;0;0;0;0;3;18;7;False
147;0;0;0;0;0;0;0;0;0;3;18;6;False
148;0;0;0;0;0;0;0;0;0;3;18;5;False
149;0;0;0;0;0;0;0;0;0;3;18;4;False
150;0;0;0;0;0;0;0;0;0;3;18;3;False
151;0;0;0;0;0;0;0;0;0;3;18;2;False
152;0;0;0;0;0;0;0;0;0;3;18;1;False
153;0;0;0;0;0;0;0;0;0;3;18;0;False
154;0;0;0;0;0;0;0;0;0;3;17;59;False
155;0;0;0;0;0;0;0;0;0;3;17;58;False
156;0;0;0;0;0;0;0;0;0;3;17;57;False
157;0;0;0;0;0;0;0;0;0;3;17;56;False
158;0;0;0;0;0;0;0;0;0;3;17;55;False
159;0;0;0;0;0;0;0;0;0;3;17;54;False
160;0;0;0;0;0;0;0;0;0;3;17;53;False
161;0;0;0;0;0;0;0;0;0;3;17;52;False
162;0;0;0;0;0;0;0;0;0;3;17;51;False
163;0;0;0;0;0;0;0;0;0;3;17;51;True
164;0;0;0;0;0;0;0;0;1;3;17;51;True
165;0;0;0;0;0;0;0;0;1;3;17;51;True
166;0;0;0;0;0;0;0;0;1;3;17;51;True
167;0;0;0;0;0;0;0;0;1;3;17;51;True
168;0;0;0;0;0;0;0;0;1;3;17;51;True
169;0;0;0;0;0;0;0;0;1;3;17;51;True
170;0;0;0;0;0;0;0;0;1;3;17;51;True
171;0;0;0;0;0;0;0;0;1;3;17;51;True
172;0;0;0;0;0;0;0;0;1;3;17;51;True
173;0;0;0;0;0;0;0;0;1;3;17;51;True
174;0;0;0;0;0;0;0;0;1;3;17;51;True
175;0;0;0;0;0;0;0;0;1;3;17;51;True
176;0;0;0;0;0;0;0;0;1;3;17;51;True
177;0;0;0;0;0;0;0;0;1;3;17;51;True
178;0;0;0;0;0;0;0;0;1;3;17;51;True
179;0;0;0;0;0;0;0;0;1;3;17;51;True
180;0;0;0;0;0;0;0;0;1;3;17;51;True
181;0;0;0;0;0;0;0;0;1;3;17;51;True
182;0;0;0;0;0;0;0;0;1;3;17;51;True
183;0;0;0;0;0;0;0;0;1;3;17;51;True
184;0;0;0;0;0;0;0;0;1;3;17;51;True
185;0;0;0;0;0;0;0;0;1;3;17;51;True
186;0;0;0;0;0;0;0;0;1;3;17;51;True
187;0;0;0;0;0;0;0;0;1;3;17;51;True
188;0;0;0;0;0;0;0;0;1;3;17;51;True
189;0;0;0;0;0;0;0;0;1;3;17;51;True
190;0;0;0;0;0;0;0;0;0;3;17;51;True
191;0;0;0;0;0;0;0;0;0;3;17;51;True
192;0;0;0;0;0;0;0;0;0;3;17;51;True
193;0;0;0;0;0;0;0;0;0;3;17;51;True
194;0;0;0;0;0;0;0;0;1;3;17;51;True
195;0;0;0;0;0;0;0;0;1;3;17;51;True
196;0;0;0;0;0;0;0;0;1;3;17;51;True
197;0;0;0;0;0;0;0;0;1;3;17;51;True
198;0;0;0;0;0;0;0;0;0;3;17;50;False
199;0;0;0;0;0;0;0;0;0;3;17;49;False
200;0;0;0;0;0;0;0;0;0;3;17;48;False
201;0;0;0;0;0;0;0;0;0;3;17;47;False
202;0;0;0;0;0;0;0;0;0;3;17;46;False
203;0;0;0;0;0;0;0;0;0;3;17;45;False
204;0;0;0;0;0;0;0;0;0;3;17;44;False
205;0;0;0;0;0;0;0;0;0;3;17;43;False
206;0;0;0;0;0;0;0;0;0;3;17;42;False
207;0;0;0;0;0;0;0;0;0;3;17;41;False
208;0;0;0;0;0;0;0;0;0;3;17;40;False
209;0;0;0;0;0;0;0;0;0;3;17;39;False
210;0;0;0;0;0;0;0;0;0;3;17;38;False
211;0;0;0;0;0;0;0;0;0;3;17;37;False
212;0;0;0;0;0;0;0;0;0;3;17;36;False
213;0;0;0;0;0;0;0;0;0;3;17;35;False
214;0;0;0;0;0;0;0;0;0;3;17;34;False
215;0;0;0;0;0;0;0;0;0;3;17;33;False
216;0;0;0;0;0;0;0;0;0;3;17;32;False
217;0;0;0;0;0;0;0;0;0;3;17;31;False
218;0;0;0;0;0;0;0;0;0;3;17;30;False
219;0;0;0;0;0;0;0;0;0;3;17;29;False
220;0;0;0;0;0;0;0;0;0;3;17;28;False
221;0;0;0;0;0;0;0;0;0;3;17;27;False
222;0;0;0;0;0;0;0;0;0;3;17;26;False
223;0;0;0;0;0;0;0;0;0;3;17;25;False
224;0;0;0;0;0;0;0;0;0;3;17;24;False
225;0;0;0;0;0;0;0;0;0;3;17;23;False
226;0;0;0;0;0;0;0;0;0;3;17;22;False
227;0;0;0;0;0;0;0;0;0;3;17;21;False
228;0;0;0;0;0;0;0;0;0;3;17;20;False
229;0;0;0;0;0;0;0;0;0;3;17;19;False
230;0;0;0;0;0;0;0;0;0;3;17;18;False
231;0;0;0;0;0;0;0;0;0;3;17;17;False
232;0;0;0;0;0;0;0;0;0;3;17;16;False
233;0;0;0;0;0;0;0;0;0;3;17;15;False
234;0;0;0;0;0;0;0;0;0;3;17;14;False
235;0;0;0;0;0;0;0;0;0;3;17;13;False
236;0;0;0;0;0;0;0;0;0;3;17;12;False
237;0;0;0;0;0;0;0;0;0;3;17;11;False
238;0;0;0;0;0;0;0;0;0;3;17;10;False
239;0;0;0;0;0;0;0;0;0;3;17;9;False
240;0;0;0;0;0;0;0;0;0;3;17;8;False
241;0;0;0;0;0;0;0;0;0;3;17;7;False
242;0;0;0;0;0;0;0;0;0;3;17;6;False
243;0;0;0;0;0;0;0;0;0;3;17;5;False
244;0;0;0;0;0;0;0;0;0;3;17;4;False
245;0;0;0;0;0;0;0;0;0;3;17;3;False
246;0;0;0;0;0;0;0;0;0;3;17;2;False
247;0;0;0;0;0;0;0;0;0;3;17;1;False
248;0;0;0;0;0;0;0;0;0;3;17;0;False
249;0;0;0;0;0;0;0;0;0;3;16;59;False
250;0;0;0;0;0;0;0;0;0;3;16;58;False
251;0;0;0;0;0;0;0;0;0;3;16;57;False
252;0;0;0;0;0;0;0;0;0;3;16;56;False
253;0;0;0;0;0;0;0;0;0;3;16;55;False
254;0;0;0;0;0;0;0;0;0;3;16;54;False
255;0;0;0;0;0;0;0;0;0;3;16;53;False
256;0;0;0;0;0;0;0;0;0;3;16;52;False
257;0;0;0;0;0;0;0;0;0;3;16;51;False
258;0;0;0;0;0;0;0;0;0;3;16;50;False
259;0;0;0;0;0;0;0;0;0;3;16;49;False
260;0;0;0;0;0;0;0;0;0;3;16;48;False
261;0;0;0;0;0;0;0;0;0;3;16;47;True
262;0;0;0;0;0;0;0;0;1;3;16;47;True
263;0;0;0;0;0;0;0;0;1;3;16;47;True
264;0;0;0;0;0;0;0;0;1;3;16;47;True
265;0;0;0;0;0;0;0;0;1;3;16;47;True
266;0;0;0;0;0;0;0;0;1;3;16;47;True
267;0;0;0;0;0;0;0;0;1;3;16;47;True
268;0;0;0;0;0;0;0;0;1;3;16;47;True
269;0;0;0;0;0;0;0;0;1;3;16;47;True
270;0;0;0;0;0;0;0;0;1;3;16;47;True
271;0;0;0;0;0;0;0;0;1;3;16;47;True
272;0;0;0;0;0;0;0;0;1;3;16;47;True
273;0;0;0;0;0;0;0;0;1;3;16;47;True
274;0;0;0;0;0;0;0;0;1;3;16;47;True
275;0;0;0;0;0;0;0;0;1;3;16;47;True
276;0;0;0;0;0;0;0;0;0;3;16;47;True
277;0;0;0;0;0;0;0;0;0;3;16;47;True
278;0;0;0;0;0;0;0;0;0;3;16;47;True
279;0;0;0;0;0;0;0;0;0;3;16;47;True
280;0;0;0;0;0;0;0;0;0;3;16;47;True
281;0;0;0;0;0;0;0;0;0;3;16;47;True
282;0;0;0;0;0;0;0;0;0;3;16;47;True
283;0;0;0;0;0;0;0;0;0;3;16;47;True
284;0;0;0;0;0;0;0;0;0;3;16;47;True
285;0;0;0;0;0;0;0;0;0;3;16;47;True
286;0;0;0;0;0;0;0;0;0;3;16;47;True
287;0;0;0;0;0;0;0;0;0;3;16;47;True
288;0;0;0;0;0;0;0;0;0;3;16;47;True
289;0;0;0;0;0;0;0;0;0;3;16;47;True
290;0;0;0;0;0;0;0;0;0;3;16;47;True
291;0;0;0;0;0;0;0;0;0;3;16;47;True
292;0;0;0;0;0;0;0;0;0;3;16;47;True
293;0;0;0;0;0;0;0;0;0;3;16;47;True
294;0;0;0;0;0;0;0;0;0;3;16;47;True
295;0;0;0;0;0;0;0;0;0;3;16;47;True
296;0;0;0;0;0;0;0;0;0;3;16;47;True
297;0;0;0;0;0;0;0;0;0;3;16;47;True
298;0;0;0;0;0;0;0;0;0;3;16;47;True
299;0;0;0;0;0;0;0;0;0;3;16;47;True
300;0;0;0;0;0;0;0;0;0;3;16;47;True
301;0;0;0;0;0;0;0;0;0;3;16;47;True
302;0;0;0;0;0;0;0;0;0;3;16;47;True
303;0;0;0;0;0;0;0;0;0;3;16;47;True
304;0;0;0;0;0;0;0;0;0;3;16;47;True
305;0;0;0;0;0;0;0;0;0;3;16;47;True
306;0;0;0;0;0;0;0;0;0;3;16;47;True
307;0;0;0;0;0;0;0;0;0;3;16;47;True
308;0;0;0;0;0;0;0;0;0;3;16;47;True
309;0;0;0;0;0;0;0;0;1;3;16;47;True
310;0;0;0;0;0;0;0;0;1;3;16;47;True
311;0;0;0;0;0;0;0;0;1;3;16;47;True
312;0;0;0;0;0;0;0;0;0;3;16;22;False
313;0;0;0;0;0;0;0;0;0;3;16;21;False
314;0;0;0;0;0;0;0;0;0;3;16;20;False
315;0;0;0;0;0;0;0;0;0;3;16;19;False
316;0;0;0;0;0;0;0;0;0;3;16;18;False
317;0;0;0;0;0;0;0;0;0;3;16;17;False
318;0;0;0;0;0;0;0;0;0;3;16;16;False
319;0;0;0;0;0;0;0;0;0;3;16;15;False
320;0;0;0;0;0;0;0;0;0;3;16;14;False
321;0;0;0;0;0;0;0;0;0;3;16;13;False
322;0;0;0;0;0;0;0;0;0;3;16;12;False
323;0;0;0;0;0;0;0;0;0;3;16;11;False
324;0;0;0;0;0;0;0;0;0;3;16;10;False
325;0;0;0;0;0;0;0;0;0;3;16;9;False
326;0;0;0;0;0;0;0;0;0;3;16;8;False
327;0;0;0;0;0;0;0;0;0;3;16;7;False
328;0;0;0;0;0;0;0;0;0;3;16;6;False
329;0;0;0;0;0;0;0;0;0;3;16;5;False
330;0;0;0;0;0;0;0;0;0;3;16;4;False
331;0;0;0;0;0;0;0;0;0;3;16;3;False
332;0;0;0;0;0;0;0;0;0;3;16;2;False
333;0;0;0;0;0;0;0;0;0;3;16;1;False
334;0;0;0;0;0;0;0;0;0;3;16;0;False
335;0;0;0;0;0;0;0;0;0;3;15;59;False
336;0;0;0;0;0;0;0;0;0;3;15;58;False
337;0;0;0;0;0;0;0;0;0;3;15;57;False
338;0;0;0;0;0;0;0;0;0;3;15;56;False
339;0;0;0;0;0;0;0;0;0;3;15;55;False
340;0;0;0;0;0;0;0;0;0;3;15;54;False
341;0;0;0;0;0;0;0;0;0;3;15;53;False
342;0;0;0;0;0;0;0;0;0;3;15;52;False
343;0;0;0;0;0;0;0;0;0;3;15;51;False
344;0;0;0;0;0;0;0;0;0;3;15;50;False
345;0;0;0;0;0;0;0;0;0;3;15;49;False
346;0;0;0;0;0;0;0;0;0;3;15;48;False
347;0;0;0;0;0;0;0;0;0;3;15;47;False
348;0;0;0;0;0;0;0;0;0;3;15;46;False
349;0;0;0;0;0;0;0;0;0;3;15;45;False
350;0;0;0;0;0;0;0;0;0;3;15;44;False
351;0;0;0;0;0;0;0;0;0;3;15;43;False
352;0;0;0;0;0;0;0;0;0;3;15;42;False
353;0;0;0;0;0;0;0;0;1;3;15;41;False
354;0;0;0;0;0;0;0;0;1;3;15;41;False
355;0;0;0;0;0;0;0;0;1;3;15;41;False
356;0;0;0;0;0;0;0;0;0;3;15;38;False
357;0;0;0;0;0;0;0;0;0;3;15;37;False
358;0;0;0;0;0;0;0;0;0;3;15;36;False
359;0;0;0;0;0;0;0;0;0;3;15;35;False
360;0;0;0;0;0;0;0;0;0;3;15;34;False
361;0;0;0;0;0;0;0;0;0;3;15;33;False
362;0;0;0;0;0;0;0;0;0;3;15;32;False
363;0;0;0;0;0;0;0;0;0;3;15;31;False
364;0;0;0;0;0;0;0;0;0;3;15;30;False
365;0;0;0;0;0;0;0;0;0;3;15;29;False
366;0;0;0;0;0;0;0;0;0;3;15;28;False
367;0;0;0;0;0;0;0;0;0;3;15;27;False
368;0;0;0;0;0;0;0;0;0;3;15;26;False
369;0;0;0;0;0;0;0;0;0;3;15;25;False
370;0;0;0;0;0;0;0;0;0;3;15;24;False
371;0;0;0;0;0;0;0;0;0;3;15;23;False
372;0;0;0;0;0;0;0;0;0;3;15;22;False
373;0;0;0;0;0;0;0;0;0;3;15;21;False
374;0;0;0;0;0;0;0;0;0;3;15;20;False
375;0;0;0;0;0;0;0;0;0;3;15;19;False
376;0;0;0;0;0;0;0;0;0;3;15;18;False
377;0;0;0;0;0;0;0;0;0;3;15;17;False
378;0;0;0;0;0;0;0;0;0;3;15;16;False
379;0;0;0;0;0;0;0;0;1;3;15;15;False
380;0;0;0;0;0;0;0;0;1;3;15;15;False
381;0;0;0;0;0;0;0;0;1;3;15;15;False
382;0;0;0;0;0;0;0;0;0;3;15;12;False
383;0;0;0;0;0;0;0;0;0;3;15;11;False
384;0;0;0;0;0;0;0;0;0;3;15;10;False
385;0;0;0;0;0;0;0;0;0;3;15;9;False
386;0;0;0;0;0;0;0;0;0;3;15;8;False
387;0;0;0;0;0;0;0;0;0;3;15;7;False
388;0;0;0;0;0;0;0;0;0;3;15;6;False
389;0;0;0;0;0;0;0;0;0;3;15;5;False
390;0;0;0;0;0;0;0;0;0;3;15;4;False
391;0;0;0;0;0;0;0;0;0;3;15;3;False
392;0;0;0;0;0;0;0;0;0;3;15;2;False
393;0;0;0;0;0;0;0;0;0;3;15;1;False
394;0;0;0;0;0;0;0;0;0;3;15;0;False
395;0;0;0;0;0;0;0;0;0;3;14;59;False
396;0;0;0;0;0;0;0;0;0;3;14;58;False
397;0;0;0;0;0;0;0;0;0;3;14;57;False
398;0;0;0;0;0;0;0;0;0;3;14;56;False
399;0;0;0;0;0;0;0;0;0;3;14;55;False
400;0;0;0;0;0;0;0;0;0;3;14;54;False
401;0;0;0;0;0;0;0;0;0;3;14;53;False
402;0;0;0;0;0;0;0;0;0;3;14;52;False
403;0;0;0;0;0;0;0;0;0;3;14;51;False
404;0;0;0;0;0;0;0;0;0;3;14;50;False
405;0;0;0;0;0;0;0;0;0;3;14;49;False
406;0;0;0;0;0;0;0;0;0;3;14;48;False
407;0;0;0;0;0;0;0;0;0;3;14;47;False
408;0;0;0;0;0;0;0;0;0;3;14;46;False
409;0;0;0;0;0;0;0;0;0;3;14;45;False
410;0;0;0;0;0;0;0;0;0;3;14;44;False
411;0;0;0;0;0;0;0;0;0;3;14;43;False
412;0;0;0;0;0;0;0;0;0;3;14;42;False
413;0;0;0;0;0;0;0;0;0;3;14;41;False
414;0;0;0;0;0;0;0;0;0;3;14;40;False
415;0;0;0;0;0;0;0;0;0;3;14;39;False
416;0;0;0;0;0;0;0;0;0;3;14;38;False
417;0;0;0;0;0;0;0;0;0;3;14;37;False
418;0;0;0;0;0;0;0;0;0;3;14;36;False
419;0;0;0;0;0;0;0;0;0;3;14;35;False
420;0;0;0;0;0;0;0;0;0;3;14;34;False
421;0;0;0;0;0;0;0;0;0;3;14;33;False
422;0;0;0;0;0;0;0;0;0;3;14;32;False
423;0;0;0;0;0;0;0;0;0;3;14;31;False
424;0;0;0;0;0;0;0;0;0;3;14;30;False
425;0;0;0;0;0;0;0;0;0;3;14;29;False
426;0;0;0;0;0;0;0;0;0;3;14;28;False
427;0;0;0;0;0;0;0;0;0;3;14;27;False
428;0;0;0;0;0;0;0;0;0;3;14;26;False
429;0;0;0;0;0;0;0;0;0;3;14;25;False
430;0;0;0;0;0;0;0;0;0;3;14;24;False
431;0;0;0;0;0;0;0;0;0;3;14;23;False
432;0;0;0;0;0;0;0;0;0;3;14;22;False
433;0;0;0;0;0;0;0;0;0;3;14;21;False
434;0;0;0;0;0;0;0;0;0;3;14;20;False
435;0;0;0;0;0;0;0;0;0;3;14;19;False
436;0;0;0;0;0;0;0;0;0;3;14;18;False
437;0;0;0;0;0;0;0;0;0;3;14;17;False
438;0;0;0;0;0;0;0;0;0;3;14;16;False
439;0;0;0;0;0;0;0;0;0;3;14;15;False
440;0;0;0;0;0;0;0;0;0;3;14;14;False
441;0;0;0;0;0;0;0;0;0;3;14;13;False
442;0;0;0;0;0;0;0;0;0;3;14;12;False
443;0;0;0;0;0;0;0;0;0;3;14;11;False
444;0;0;0;0;0;0;0;0;0;3;14;10;False
445;0;0;0;0;0;0;0;0;0;3;14;9;False
446;0;0;0;0;0;0;0;0;0;3;14;8;False
447;0;0;0;0;0;0;0;0;0;3;14;7;False
448;0;0;0;0;0;0;0;0;0;3;14;6;False
449;0;0;0;0;0;0;0;0;0;3;14;5;True
450;0;0;0;0;0;0;0;0;1;3;14;5;True
451;0;0;0;0;0;0;0;0;1;3;14;5;True
452;0;0;0;0;0;0;0;0;1;3;14;5;True
453;0;0;0;0;0;0;0;0;1;3;14;5;True
454;0;0;0;0;0;0;0;0;1;3;14;5;True
455;0;0;0;0;0;0;0;0;1;3;14;5;True
456;0;0;0;0;0;0;0;0;1;3;14;5;True
457;0;0;0;0;0;0;0;0;1;3;14;5;True
458;0;0;0;0;0;0;0;0;1;3;14;5;True
459;0;0;0;0;0;0;0;0;1;3;14;5;True
460;0;0;0;0;0;0;0;0;1;3;14;5;True
461;0;0;0;0;0;0;0;0;1;3;14;5;True
462;0;0;0;0;0;0;0;0;1;3;14;5;True
463;0;0;0;0;0;0;0;0;1;3;14;5;True
464;0;0;0;0;0;0;0;0;1;3;14;5;True
465;0;0;0;0;0;0;0;0;1;3;14;5;True
466;0;0;0;0;0;0;0;0;1;3;14;5;True
467;0;0;0;0;0;0;0;0;1;3;14;5;True
468;0;0;0;0;0;0;0;0;1;3;14;5;True
469;0;0;0;0;0;0;0;0;1;3;14;5;True
470;0;0;0;0;0;0;0;0;1;3;14;5;True
471;0;0;0;0;0;0;0;0;1;3;14;5;True
472;0;0;0;0;0;0;0;0;1;3;14;5;True
473;0;0;0;0;0;0;0;0;1;3;14;5;True
474;0;0;0;0;0;0;0;0;1;3;14;5;True
475;0;0;0;0;0;0;0;0;1;3;14;5;True
476;0;0;0;0;0;0;0;0;1;3;14;5;True
477;0;0;0;0;0;0;0;0;1;3;14;5;True
478;0;0;0;0;0;0;0;0;1;3;14;5;True
479;0;0;0;0;0;0;0;0;1;3;14;5;True
480;0;0;0;0;0;0;0;0;1;3;14;5;True
481;0;0;0;0;0;0;0;0;1;3;14;5;True
482;0;0;0;0;0;0;0;0;1;3;14;5;True
483;0;0;0;0;0;0;0;0;1;3;14;5;True
484;0;0;0;0;0;0;0;0;1;3;14;5;True
485;0;0;0;0;0;0;0;0;1;3;14;5;True
486;0;0;0;0;0;0;0;0;0;3;14;5;True
487;0;0;0;0;0;0;0;0;0;3;14;3;False
488;0;0;0;0;0;0;0;0;0;3;14;2;False
489;0;0;0;0;0;0;0;0;0;3;14;1;False
490;0;0;0;0;0;0;0;0;0;3;14;0;False
491;0;0;0;0;0;0;0;0;0;3;13;59;False
492;0;0;0;0;0;0;0;0;0;3;13;58;False
493;0;0;0;0;0;0;0;0;0;3;13;57;False
494;0;0;0;0;0;0;0;0;0;3;13;56;False
495;0;0;0;0;0;0;0;0;0;3;13;55;False
496;0;0;0;0;0;0;0;0;0;3;13;54;False
497;0;0;0;0;0;0;0;0;0;3;13;53;False
498;0;0;0;0;0;0;0;0;0;3;13;52;False
499;0;0;0;0;0;0;0;0;0;3;13;51;False
500;0;0;0;0;0;0;0;0;0;3;13;50;False
502;0;0;0;0;0;0;0;0;0;3;13;49;False
503;0;0;0;0;0;0;0;0;0;3;13;49;True
504;0;0;0;0;0;0;0;0;1;3;13;49;True
505;0;0;0;0;0;0;0;0;1;3;13;49;True
506;0;0;0;0;0;0;0;0;1;3;13;49;True
507;0;0;0;0;0;0;0;0;1;3;13;49;True
508;0;0;0;0;0;0;0;0;1;3;13;49;True
509;0;0;0;0;0;0;0;0;1;3;13;49;True
510;0;0;0;0;0;0;0;0;1;3;13;49;True
511;0;0;0;0;0;0;0;0;1;3;13;49;True
512;0;0;0;0;0;0;0;0;1;3;13;49;True
513;0;0;0;0;0;0;0;0;1;3;13;49;True
514;0;0;0;0;0;0;0;0;1;3;13;49;True
515;0;0;0;0;0;0;0;0;1;3;13;49;True
516;0;0;0;0;0;0;0;0;1;3;13;49;True
517;0;0;0;0;0;0;0;0;1;3;13;49;True
518;0;0;0;0;0;0;0;0;1;3;13;49;True
519;0;0;0;0;0;0;0;0;1;3;13;49;True
520;0;0;0;0;0;0;0;0;1;3;13;49;True
521;0;0;0;0;0;0;0;0;1;3;13;49;True
522;0;0;0;0;0;0;0;0;1;3;13;49;True
523;0;0;0;0;0;0;0;0;1;3;13;49;True
524;0;0;0;0;0;0;0;0;1;3;13;49;True
525;0;0;0;0;0;0;0;0;1;3;13;49;True
526;0;0;0;0;0;0;0;0;1;3;13;49;True
527;0;0;0;0;0;0;0;0;1;3;13;49;True
528;0;0;0;0;0;0;0;0;1;3;13;49;True
529;0;0;0;0;0;0;0;0;1;3;13;49;True
530;0;0;0;0;0;0;0;0;1;3;13;49;True
531;0;0;0;0;0;0;0;0;1;3;13;49;True
532;0;0;0;0;0;0;0;0;1;3;13;49;True
533;0;0;0;0;0;0;0;0;1;3;13;49;True
534;0;0;0;0;0;0;0;0;1;3;13;49;True
535;0;0;0;0;0;0;0;0;1;3;13;49;True
536;0;0;0;0;0;0;0;0;1;3;13;49;True
537;0;0;0;0;0;0;0;0;1;3;13;49;True
538;0;0;0;0;0;0;0;0;1;3;13;49;True
539;0;0;0;0;0;0;0;0;1;3;13;49;True
540;0;0;0;0;0;0;0;0;1;3;13;49;True
541;0;0;0;0;0;0;0;0;1;3;13;49;True
542;0;0;0;0;0;0;0;0;1;3;13;49;True
543;0;0;0;0;0;0;0;0;1;3;13;49;True
544;0;0;0;0;0;0;0;0;1;3;13;49;True
545;0;0;0;0;0;0;0;0;1;3;13;49;True
546;0;0;0;0;0;0;0;0;1;3;13;49;True
547;0;0;0;0;0;0;0;0;1;3;13;49;True
548;0;0;0;0;0;0;0;0;1;3;13;49;True
549;0;0;0;0;0;0;0;0;1;3;13;49;True
550;0;0;0;0;0;0;0;0;1;3;13;49;True
551;0;0;0;0;0;0;0;0;1;3;13;49;True
552;0;0;0;0;0;0;0;0;1;3;13;49;True
553;0;0;0;0;0;0;0;0;1;3;13;49;True
554;0;0;0;0;0;0;0;0;1;3;13;49;True
555;0;0;0;0;0;0;0;0;1;3;13;49;True
556;0;0;0;0;0;0;0;0;1;3;13;49;True
557;0;0;0;0;0;0;0;0;1;3;13;49;True
558;0;0;0;0;0;0;0;0;1;3;13;49;True
559;0;0;0;0;0;0;0;0;1;3;13;49;True
560;0;0;0;0;0;0;0;0;1;3;13;49;True
561;0;0;0;0;0;0;0;0;1;3;13;49;True
562;0;0;0;0;0;0;0;0;1;3;13;49;True
563;0;0;0;0;0;0;0;0;1;3;13;49;True
564;0;0;0;0;0;0;0;0;1;3;13;49;True
565;0;0;0;0;0;0;0;0;1;3;13;49;True
566;0;0;0;0;0;0;0;0;1;3;13;49;True
567;0;0;0;0;0;0;0;0;1;3;13;49;True
568;0;0;0;0;0;0;0;0;1;3;13;49;True
569;0;0;0;0;0;0;0;0;1;3;13;49;True
570;0;0;0;0;0;0;0;0;1;3;13;49;True
571;0;0;0;0;0;0;0;0;1;3;13;49;True
572;0;0;0;0;0;0;0;0;1;3;13;49;True
573;0;0;0;0;0;0;0;0;1;3;13;49;True
574;0;0;0;0;0;0;0;0;1;3;13;49;True
575;0;0;0;0;0;0;0;0;1;3;13;49;True
576;0;0;0;0;0;0;0;0;1;3;13;49;True
577;0;0;0;0;0;0;0;0;1;3;13;49;True
578;0;0;0;0;0;0;0;0;1;3;13;49;True
579;0;0;0;0;0;0;0;0;1;3;13;49;True
580;0;0;0;0;0;0;0;0;1;3;13;49;True
581;0;0;0;0;0;0;0;0;1;3;13;49;True
582;0;0;0;0;0;0;0;0;1;3;13;49;True
583;0;0;0;0;0;0;0;0;1;3;13;49;True
584;0;0;0;0;0;0;0;0;1;3;13;49;True
585;0;0;0;0;0;0;0;0;1;3;13;49;True
586;0;0;0;0;0;0;0;0;1;3;13;49;True
587;0;0;0;0;0;0;0;0;1;3;13;49;True
588;0;0;0;0;0;0;0;0;1;3;13;49;True
589;0;0;0;0;0;0;0;0;1;3;13;49;True
590;0;0;0;0;0;0;0;0;1;3;13;49;True
591;0;0;0;0;0;0;0;0;1;3;13;49;True
592;0;0;0;0;0;0;0;0;1;3;13;49;True
593;0;0;0;0;0;0;0;0;1;3;13;49;True
594;0;0;0;0;0;0;0;0;1;3;13;49;True
595;0;0;0;0;0;0;0;0;1;3;13;49;True
596;0;0;0;0;0;0;0;0;1;3;13;49;True
597;0;0;0;0;0;0;0;0;1;3;13;49;True
598;0;0;0;0;0;0;0;0;1;3;13;49;True
599;0;0;0;0;0;0;0;0;1;3;13;49;True
600;0;0;0;0;0;0;0;0;1;3;13;49;True
601;0;0;0;0;0;0;0;0;1;3;13;49;True
602;0;0;0;0;0;0;0;0;1;3;13;49;True
603;0;0;0;0;0;0;0;0;1;3;13;49;True
604;0;0;0;0;0;0;0;0;1;3;13;49;True
605;0;0;0;0;0;0;0;0;1;3;13;49;True
606;0;0;0;0;0;0;0;0;1;3;13;49;True
607;0;0;0;0;0;0;0;0;1;3;13;49;True
608;0;0;0;0;0;0;0;0;1;3;13;49;True
609;0;0;0;0;0;0;0;0;1;3;13;49;True
610;0;0;0;0;0;0;0;0;1;3;13;49;True
611;0;0;0;0;0;0;0;0;1;3;13;49;True
612;0;0;0;0;0;0;0;0;1;3;13;49;True
613;0;0;0;0;0;0;0;0;1;3;13;49;True
614;0;0;0;0;0;0;0;0;1;3;13;49;True
615;0;0;0;0;0;0;0;0;1;3;13;49;True
616;0;0;0;0;0;0;0;0;1;3;13;49;True
617;0;0;0;0;0;0;0;0;1;3;13;49;True
618;0;0;0;0;0;0;0;0;1;3;13;49;True
619;0;0;0;0;0;0;0;0;1;3;13;49;True
620;0;0;0;0;0;0;0;0;1;3;13;49;True
621;0;0;0;0;0;0;0;0;1;3;13;49;True
622;0;0;0;0;0;0;0;0;1;3;13;49;True
623;0;0;0;0;0;0;0;0;1;3;13;49;True
624;0;0;0;0;0;0;0;0;1;3;13;49;True
625;0;0;0;0;0;0;0;0;1;3;13;49;True
626;0;0;0;0;0;0;0;0;1;3;13;49;True
627;0;0;0;0;0;0;0;0;1;3;13;49;True
628;0;0;0;0;0;0;0;0;1;3;13;49;True
629;0;0;0;0;0;0;0;0;1;3;13;49;True
630;0;0;0;0;0;0;0;0;1;3;13;49;True
631;0;0;0;0;0;0;0;0;1;3;13;49;True
632;0;0;0;0;0;0;0;0;1;3;13;49;True
633;0;0;0;0;0;0;0;0;1;3;13;49;True
634;0;0;0;0;0;0;0;0;1;3;13;49;True
635;0;0;0;0;0;0;0;0;1;3;13;49;True
636;0;0;0;0;0;0;0;0;1;3;13;49;True
637;0;0;0;0;0;0;0;0;1;3;13;49;True
638;0;0;0;0;0;0;0;0;1;3;13;49;True
639;0;0;0;0;0;0;0;0;1;3;13;49;True
640;0;0;0;0;0;0;0;0;0;3;13;44;False
641;0;0;0;0;0;0;0;0;0;3;13;43;False
642;0;0;0;0;0;0;0;0;0;3;13;42;False
643;0;0;0;0;0;0;0;0;0;3;13;41;False
644;0;0;0;0;0;0;0;0;0;3;13;40;False
645;0;0;0;0;0;0;0;0;0;3;13;39;False
646;0;0;0;0;0;0;0;0;0;3;13;38;False
647;0;0;0;0;0;0;0;0;0;3;13;37;False
648;0;0;0;0;0;0;0;0;0;3;13;36;False
649;0;0;0;0;0;0;0;0;0;3;13;35;False
650;0;0;0;0;0;0;0;0;0;3;13;34;False
651;0;0;0;0;0;0;0;0;0;3;13;33;False
652;0;0;0;0;0;0;0;0;0;3;13;32;False
653;0;0;0;0;0;0;0;0;0;3;13;31;False
654;0;0;0;0;0;0;0;0;0;3;13;30;False
655;0;0;0;0;0;0;0;0;0;3;13;29;False
656;0;0;0;0;0;0;0;0;0;3;13;28;False
657;0;0;0;0;0;0;0;0;0;3;13;27;False
658;0;0;0;0;0;0;0;0;0;3;13;26;False
659;0;0;0;0;0;0;0;0;0;3;13;25;False
660;0;0;0;0;0;0;0;0;0;3;13;24;False
661;0;0;0;0;0;0;0;0;0;3;13;23;False
662;0;0;0;0;0;0;0;0;0;3;13;22;False
663;0;0;0;0;0;0;0;0;0;3;13;21;False
664;0;0;0;0;0;0;0;0;0;3;13;20;False
665;0;0;0;0;0;0;0;0;0;3;13;19;False
666;0;0;0;0;0;0;0;0;0;3;13;18;False
667;0;0;0;0;0;0;0;0;0;3;13;17;False
668;0;0;0;0;0;0;0;0;0;3;13;16;False
669;0;0;0;0;0;0;0;0;0;3;13;15;False
670;0;0;0;0;0;0;0;0;0;3;13;14;False
671;0;0;0;0;0;0;0;0;0;3;13;13;False
672;0;0;0;0;0;0;0;0;0;3;13;12;False
673;0;0;0;0;0;0;0;0;0;3;13;11;False
674;0;0;0;0;0;0;0;0;0;3;13;10;False
675;0;0;0;0;0;0;0;0;0;3;13;9;False
676;0;0;0;0;0;0;0;0;0;3;13;8;False
677;0;0;0;0;0;0;0;0;0;3;13;7;False
678;0;0;0;0;0;0;0;0;0;3;13;6;False
679;0;0;0;0;0;0;0;0;0;3;13;5;False
680;0;0;0;0;0;0;0;0;0;3;13;4;False
681;0;0;0;0;0;0;0;0;0;3;13;3;False
682;0;0;0;0;0;0;0;0;0;3;13;2;False
683;0;0;0;0;0;0;0;0;0;3;13;1;False
684;0;0;0;0;0;0;0;0;0;3;13;0;False
685;0;0;0;0;0;0;0;0;0;3;12;59;False
686;0;0;0;0;0;0;0;0;0;3;12;58;False
687;0;0;0;0;0;0;0;0;0;3;12;57;False
688;0;0;0;0;0;0;0;0;0;3;12;56;False
689;0;0;0;0;0;0;0;0;0;3;12;55;False
690;0;0;0;0;0;0;0;0;0;3;12;54;False
691;0;0;0;0;0;0;0;0;0;3;12;53;False
692;0;0;0;0;0;0;0;0;0;3;12;52;False
693;0;0;0;0;0;0;0;0;0;3;12;51;False
694;0;0;0;0;0;0;0;0;0;3;12;50;False
695;0;0;0;0;0;0;0;0;0;3;12;49;False
696;0;0;0;0;0;0;0;0;0;3;12;48;False
697;0;0;0;0;0;0;0;0;0;3;12;47;False
698;0;0;0;0;0;0;0;0;0;3;12;46;False
699;0;0;0;0;0;0;0;0;0;3;12;45;False
700;0;0;0;0;0;0;0;0;0;3;12;44;False
701;0;0;0;0;0;0;0;0;0;3;12;43;False
702;0;0;0;0;0;0;0;0;0;3;12;42;False
703;0;0;0;0;0;0;0;0;0;3;12;41;False
704;0;0;0;0;0;0;0;0;0;3;12;40;True
705;0;0;0;0;0;0;0;0;0;3;12;40;True
706;0;0;0;0;0;0;0;0;0;3;12;40;True
707;0;0;0;0;0;0;0;0;1;3;12;40;True
708;0;0;0;0;0;0;0;0;1;3;12;40;True
709;0;0;0;0;0;0;0;0;1;3;12;40;True
710;0;0;0;0;0;0;0;0;1;3;12;40;True
711;0;0;0;0;0;0;0;0;1;3;12;40;True
712;0;0;0;0;0;0;0;0;1;3;12;40;True
713;0;0;0;0;0;0;0;0;1;3;12;40;True
714;0;0;0;0;0;0;0;0;1;3;12;40;True
715;0;0;0;0;0;0;0;0;1;3;12;40;True
716;0;0;0;0;0;0;0;0;1;3;12;40;True
717;0;0;0;0;0;0;0;0;1;3;12;40;True
718;0;0;0;0;0;0;0;0;1;3;12;40;True
719;0;0;0;0;0;0;0;0;1;3;12;40;True
720;0;0;0;0;0;0;0;0;1;3;12;40;True
721;0;0;0;0;0;0;0;0;1;3;12;40;True
722;0;0;0;0;0;0;0;0;1;3;12;40;True
723;0;0;0;0;0;0;0;0;1;3;12;40;True
724;0;0;0;0;0;0;0;0;1;3;12;40;True
725;0;0;0;0;0;0;0;0;1;3;12;40;True
726;0;0;0;0;0;0;0;0;1;3;12;40;True
727;0;0;0;0;0;0;0;0;1;3;12;40;True
728;0;0;0;0;0;0;0;0;1;3;12;40;True
729;0;0;0;0;0;0;0;0;1;3;12;40;True
730;0;0;0;0;0;0;0;0;1;3;12;40;True
731;0;0;0;0;0;0;0;0;1;3;12;40;True
732;0;0;0;0;0;0;0;0;1;3;12;40;True
733;0;0;0;0;0;0;0;0;1;3;12;40;True
734;0;0;0;0;0;0;0;0;0;3;12;40;True
735;0;0;0;0;0;0;0;0;0;3;12;40;True
736;0;0;0;0;0;0;0;0;0;3;12;40;True
737;0;0;0;0;0;0;0;0;0;3;12;40;True
738;0;0;0;0;0;0;0;0;0;3;12;40;True
739;0;0;0;0;0;0;0;0;0;3;12;40;False
740;0;0;0;0;0;0;0;0;0;3;12;39;False
741;0;0;0;0;0;0;0;0;0;3;12;38;False
742;0;0;0;0;0;0;0;0;0;3;12;37;False
743;0;0;0;0;0;0;0;0;0;3;12;36;False
744;0;0;0;0;0;0;0;0;0;3;12;35;False
745;0;0;0;0;0;0;0;0;0;3;12;34;False
746;0;0;0;0;0;0;0;0;0;3;12;33;False
747;0;0;0;0;0;0;0;0;0;3;12;32;False
748;0;0;0;0;0;0;0;0;0;3;12;31;False
749;0;0;0;0;0;0;0;0;0;3;12;30;False
750;0;0;0;0;0;0;0;0;0;3;12;29;False
751;0;0;0;0;0;0;0;0;0;3;12;28;False
752;0;0;0;0;0;0;0;0;0;3;12;27;False
753;0;0;0;0;0;0;0;0;0;3;12;26;False
754;0;0;0;0;0;0;0;0;0;3;12;25;False
755;0;0;0;0;0;0;0;0;0;3;12;24;False
756;0;0;0;0;0;0;0;0;0;3;12;23;False
757;0;0;0;0;0;0;0;0;0;3;12;22;False
758;0;0;0;0;0;0;0;0;0;3;12;21;False
759;0;0;0;0;0;0;0;0;0;3;12;20;False
760;0;0;0;0;0;0;0;0;0;3;12;19;False
761;0;0;0;0;0;0;0;0;0;3;12;18;False
762;0;0;0;0;0;0;0;0;0;3;12;17;False
763;0;0;0;0;0;0;0;0;0;3;12;16;False
764;0;0;0;0;0;0;0;0;0;3;12;15;False
765;0;0;0;0;0;0;0;0;0;3;12;14;False
766;0;0;0;0;0;0;0;0;0;3;12;13;False
767;0;0;0;0;0;0;0;0;0;3;12;12;False
768;0;0;0;0;0;0;0;0;0;3;12;11;False
769;0;0;0;0;0;0;0;0;0;3;12;10;False
770;0;0;0;0;0;0;0;0;0;3;12;9;False
771;0;0;0;0;0;0;0;0;0;3;12;8;False
772;0;0;0;0;0;0;0;0;0;3;12;7;False
773;0;0;0;0;0;0;0;0;0;3;12;6;False
774;0;0;0;0;0;0;0;0;0;3;12;5;False
775;0;0;0;0;0;0;0;0;0;3;12;4;False
776;0;0;0;0;0;0;0;0;0;3;12;3;False
777;0;0;0;0;0;0;0;0;0;3;12;2;False
778;0;0;0;0;0;0;0;0;0;3;12;1;False
779;0;0;0;0;0;0;0;0;0;3;12;0;False
780;0;0;0;0;0;0;0;0;0;3;11;59;False
781;0;0;0;0;0;0;0;0;0;3;11;58;False
782;0;0;0;0;0;0;0;0;0;3;11;57;False
783;0;0;0;0;0;0;0;0;0;3;11;56;False
784;0;0;0;0;0;0;0;0;0;3;11;55;False
785;0;0;0;0;0;0;0;0;0;3;11;54;False
786;0;0;0;0;0;0;0;0;0;3;11;53;False
787;0;0;0;0;0;0;0;0;0;3;11;52;False
788;0;0;0;0;0;0;0;0;0;3;11;51;False
789;0;0;0;0;0;0;0;0;0;3;11;50;False
790;0;0;0;0;0;0;0;0;0;3;11;49;False
791;0;0;0;0;0;0;0;0;0;3;11;47;False
792;0;0;0;0;0;0;0;0;0;3;11;46;False
793;0;0;0;0;0;0;0;0;0;3;11;45;False
794;0;0;0;0;0;0;0;0;0;3;11;44;False
795;0;0;0;0;0;0;0;0;0;3;11;43;False
796;0;0;0;0;0;0;0;0;0;3;11;42;False
797;0;0;0;0;0;0;0;0;0;3;11;41;False
798;0;0;0;0;0;0;0;0;0;3;11;40;False
799;0;0;0;0;0;0;0;0;0;3;11;39;False
800;0;0;0;0;0;0;0;0;0;3;11;38;False
801;0;0;0;0;0;0;0;0;0;3;11;37;False
802;0;0;0;0;0;0;0;0;0;3;11;36;False
803;0;0;0;0;0;0;0;0;0;3;11;35;False
804;0;0;0;0;0;0;0;0;0;3;11;35;True
805;0;0;0;0;0;0;0;0;0;3;11;35;True
806;0;0;0;0;0;0;0;0;1;3;11;35;True
807;0;0;0;0;0;0;0;0;1;3;11;35;True
808;0;0;0;0;0;0;0;0;1;3;11;35;True
809;0;0;0;0;0;0;0;0;1;3;11;35;True
810;0;0;0;0;0;0;0;0;1;3;11;35;True
811;0;0;0;0;0;0;0;0;1;3;11;35;True
812;0;0;0;0;0;0;0;0;1;3;11;35;True
813;0;0;0;0;0;0;0;0;1;3;11;35;True
814;0;0;0;0;0;0;0;0;1;3;11;35;True
815;0;0;0;0;0;0;0;0;1;3;11;35;True
816;0;0;0;0;0;0;0;0;1;3;11;35;True
817;0;0;0;0;0;0;0;0;1;3;11;35;True
818;0;0;0;0;0;0;0;0;1;3;11;35;True
819;0;0;0;0;0;0;0;0;1;3;11;35;True
820;0;0;0;0;0;0;0;0;1;3;11;35;True
821;0;0;0;0;0;0;0;0;1;3;11;35;True
822;0;0;0;0;0;0;0;0;1;3;11;35;True
823;0;0;0;0;0;0;0;0;1;3;11;35;True
824;0;0;0;0;0;0;0;0;1;3;11;35;True
825;0;0;0;0;0;0;0;0;1;3;11;35;True
826;0;0;0;0;0;0;0;0;1;3;11;35;True
827;0;0;0;0;0;0;0;0;1;3;11;35;True
828;0;0;0;0;0;0;0;0;1;3;11;35;True
829;0;0;0;0;0;0;0;0;0;3;11;35;False
830;0;0;0;0;0;0;0;0;0;3;11;34;False
831;0;0;0;0;0;0;0;0;0;3;11;33;False
832;0;0;0;0;0;0;0;0;0;3;11;32;False
833;0;0;0;0;0;0;0;0;0;3;11;31;False
834;0;0;0;0;0;0;0;0;0;3;11;30;False
835;0;0;0;0;0;0;0;0;0;3;11;29;False
836;0;0;0;0;0;0;0;0;0;3;11;28;False
837;0;0;0;0;0;0;0;0;0;3;11;27;False
838;0;0;0;0;0;0;0;0;0;3;11;26;False
839;0;0;0;0;0;0;0;0;0;3;11;25;False
840;0;0;0;0;0;0;0;0;0;3;11;24;False
841;0;0;0;0;0;0;0;0;0;3;11;23;False
842;0;0;0;0;0;0;0;0;0;3;11;22;False
843;0;0;0;0;0;0;0;0;0;3;11;21;False
844;0;0;0;0;0;0;0;0;0;3;11;20;False
845;0;0;0;0;0;0;0;0;0;3;11;19;False
846;0;0;0;0;0;0;0;0;0;3;11;18;False
847;0;0;0;0;0;0;0;0;0;3;11;17;False
848;0;0;0;0;0;0;0;0;0;3;11;16;False
849;0;0;0;0;0;0;0;0;0;3;11;15;False
850;0;0;0;0;0;0;0;0;0;3;11;14;False
851;0;0;0;0;0;0;0;0;0;3;11;13;False
852;0;0;0;0;0;0;0;0;0;3;11;12;False
853;0;0;0;0;0;0;0;0;0;3;11;11;False
854;0;0;0;0;0;0;0;0;0;3;11;10;True
855;0;0;0;0;0;0;0;0;0;3;11;10;True
856;0;0;0;0;0;0;0;0;0;3;11;10;True
857;0;0;0;0;0;0;0;0;1;3;11;10;True
858;0;0;0;0;0;0;0;0;1;3;11;10;True
859;0;0;0;0;0;0;0;0;1;3;11;10;True
860;0;0;0;0;0;0;0;0;1;3;11;10;True
861;0;0;0;0;0;0;0;0;1;3;11;10;True
862;0;0;0;0;0;0;0;0;1;3;11;10;True
863;0;0;0;0;0;0;0;0;1;3;11;10;True
864;0;0;0;0;0;0;0;0;1;3;11;10;True
865;0;0;0;0;0;0;0;0;1;3;11;10;True
866;0;0;0;0;0;0;0;0;1;3;11;10;True
867;0;0;0;0;0;0;0;0;1;3;11;10;True
868;0;0;0;0;0;0;0;0;1;3;11;10;True
869;0;0;0;0;0;0;0;0;1;3;11;10;True
870;0;0;0;0;0;0;0;0;1;3;11;10;True
871;0;0;0;0;0;0;0;0;1;3;11;10;True
872;0;0;0;0;0;0;0;0;1;3;11;10;True
873;0;0;0;0;0;0;0;0;1;3;11;10;True
874;0;0;0;0;0;0;0;0;1;3;11;10;True
875;0;0;0;0;0;0;0;0;1;3;11;10;True
876;0;0;0;0;0;0;0;0;1;3;11;10;True
877;0;0;0;0;0;0;0;0;1;3;11;10;True
878;0;0;0;0;0;0;0;0;1;3;11;10;True
879;0;0;0;0;0;0;0;0;1;3;11;10;True
880;0;0;0;0;0;0;0;0;1;3;11;10;True
881;0;0;0;0;0;0;0;0;1;3;11;10;True
882;0;0;0;0;0;0;0;0;1;3;11;5;False
883;0;0;0;0;0;0;0;0;0;3;11;4;False
884;0;0;0;0;0;0;0;0;0;3;11;3;False
885;0;0;0;0;0;0;0;0;0;3;11;2;False
886;0;0;0;0;0;0;0;0;0;3;11;1;False
887;0;0;0;0;0;0;0;0;0;3;11;0;False
888;0;0;0;0;0;0;0;0;0;3;10;59;True
889;0;0;0;0;0;0;0;0;0;3;10;59;True
890;0;0;0;0;0;0;0;0;0;3;10;59;True
891;0;0;0;0;0;0;0;0;1;3;10;59;True
892;0;0;0;0;0;0;0;0;1;3;10;59;True
893;0;0;0;0;0;0;0;0;1;3;10;59;True
894;0;0;0;0;0;0;0;0;1;3;10;59;True
895;0;0;0;0;0;0;0;0;1;3;10;59;True
896;0;0;0;0;0;0;0;0;1;3;10;59;True
897;0;0;0;0;0;0;0;0;1;3;10;59;True
898;0;0;0;0;0;0;0;0;1;3;10;59;True
899;0;0;0;0;0;0;0;0;1;3;10;59;True
900;0;0;0;0;0;0;0;0;1;3;10;59;True
901;0;0;0;0;0;0;0;0;1;3;10;59;True
902;0;0;0;0;0;0;0;0;1;3;10;59;True
903;0;0;0;0;0;0;0;0;1;3;10;59;True
904;0;0;0;0;0;0;0;0;1;3;10;59;True
905;0;0;0;0;0;0;0;0;1;3;10;59;True
906;0;0;0;0;0;0;0;0;1;3;10;59;True
907;0;0;0;0;0;0;0;0;1;3;10;59;True
908;0;0;0;0;0;0;0;0;1;3;10;59;True
909;0;0;0;0;0;0;0;0;1;3;10;59;True
910;0;0;0;0;0;0;0;0;1;3;10;59;True
911;0;0;0;0;0;0;0;0;1;3;10;59;True
912;0;0;0;0;0;0;0;0;1;3;10;59;True
913;0;0;0;0;0;0;0;0;1;3;10;59;True
914;0;0;0;0;0;0;0;0;1;3;10;59;True
915;0;0;0;0;0;0;0;0;0;3;10;59;True
916;0;0;0;0;0;0;0;0;0;3;10;58;False
917;0;0;0;0;0;0;0;0;0;3;10;57;False
918;0;0;0;0;0;0;0;0;0;3;10;56;False
919;0;0;0;0;0;0;0;0;0;3;10;55;False
920;0;0;0;0;0;0;0;0;0;3;10;54;False
921;0;0;0;0;0;0;0;0;0;3;10;53;False
922;0;0;0;0;0;0;0;0;0;3;10;52;False
923;0;0;0;0;0;0;0;0;0;3;10;51;False
924;0;0;0;0;0;0;0;0;0;3;10;50;False
925;0;0;0;0;0;0;0;0;0;3;10;49;False
926;0;0;0;0;0;0;0;0;0;3;10;48;False
927;0;0;0;0;0;0;0;0;0;3;10;47;False
928;0;0;0;0;0;0;0;0;0;3;10;46;False
929;0;0;0;0;0;0;0;0;0;3;10;45;False
930;0;0;0;0;0;0;0;0;0;3;10;44;False
931;0;0;0;0;0;0;0;0;0;3;10;43;False
932;0;0;0;0;0;0;0;0;0;3;10;42;False
933;0;0;0;0;0;0;0;0;0;3;10;41;False
934;0;0;0;0;0;0;0;0;0;3;10;40;False
935;0;0;0;0;0;0;0;0;0;3;10;39;False
936;0;0;0;0;0;0;0;0;0;3;10;38;False
937;0;0;0;0;0;0;0;0;0;3;10;37;False
938;0;0;0;0;0;0;0;0;0;3;10;36;False
939;0;0;0;0;0;0;0;0;0;3;10;35;False
940;0;0;0;0;0;0;0;0;0;3;10;34;False
941;0;0;0;0;0;0;0;0;0;3;10;33;False
942;0;0;0;0;0;0;0;0;0;3;10;32;False
943;0;0;0;0;0;0;0;0;0;3;10;31;False
944;0;0;0;0;0;0;0;0;0;3;10;30;False
945;0;0;0;0;0;0;0;0;0;3;10;29;False
946;0;0;0;0;0;0;0;0;0;3;10;28;False
947;0;0;0;0;0;0;0;0;0;3;10;27;False
948;0;0;0;0;0;0;0;0;0;3;10;26;False
949;0;0;0;0;0;0;0;0;0;3;10;25;False
950;0;0;0;0;0;0;0;0;0;3;10;24;False
951;0;0;0;0;0;0;0;0;0;3;10;23;False
952;0;0;0;0;0;0;0;0;0;3;10;22;False
953;0;0;0;0;0;0;0;0;0;3;10;21;False
954;0;0;0;0;0;0;0;0;0;3;10;20;False
955;0;0;0;0;0;0;0;0;0;3;10;19;False
956;0;0;0;0;0;0;0;0;0;3;10;18;False
957;0;0;0;0;0;0;0;0;0;3;10;17;False
958;0;0;0;0;0;0;0;0;0;3;10;16;False
959;0;0;0;0;0;0;0;0;0;3;10;15;False
960;0;0;0;0;0;0;0;0;0;3;10;14;False
961;0;0;0;0;0;0;0;0;0;3;10;13;False
962;0;0;0;0;0;0;0;0;0;3;10;12;False
963;0;0;0;0;0;0;0;0;1;3;10;11;False
964;0;0;0;0;0;0;0;0;1;3;10;11;False
965;0;0;0;0;0;0;0;0;1;3;10;11;False
966;0;0;0;0;0;0;0;0;1;3;10;11;False
967;0;0;0;0;0;0;0;0;1;3;10;11;False
968;0;0;0;0;0;0;0;0;0;3;10;6;False
969;0;0;0;0;0;0;0;0;0;3;10;5;False
970;0;0;0;0;0;0;0;0;0;3;10;4;False
971;0;0;0;0;0;0;0;0;0;3;10;3;False
972;0;0;0;0;0;0;0;0;0;3;10;2;False
973;0;0;0;0;0;0;0;0;0;3;10;1;False
974;0;0;0;0;0;0;0;0;0;3;10;0;False
975;0;0;0;0;0;0;0;0;0;3;9;59;False
976;0;0;0;0;0;0;0;0;0;3;9;58;False
977;0;0;0;0;0;0;0;0;0;3;9;57;False
978;0;0;0;0;0;0;0;0;0;3;9;56;False
979;0;0;0;0;0;0;0;0;0;3;9;55;False
980;0;0;0;0;0;0;0;0;0;3;9;54;False
981;0;0;0;0;0;0;0;0;0;3;9;53;False
982;0;0;0;0;0;0;0;0;0;3;9;52;False
983;0;0;0;0;0;0;0;0;0;3;9;51;False
984;0;0;0;0;0;0;0;0;0;3;9;50;False
985;0;0;0;0;0;0;0;0;0;3;9;49;False
986;0;0;0;0;0;0;0;0;0;3;9;48;False
987;0;0;0;0;0;0;0;0;0;3;9;47;False
988;0;0;0;0;0;0;0;0;0;3;9;46;False
989;0;0;0;0;0;0;0;0;0;3;9;45;False
990;0;0;0;0;0;0;0;0;0;3;9;44;False
991;0;0;0;0;0;0;0;0;0;3;9;43;False
992;0;0;0;0;0;0;0;0;0;3;9;42;False
993;0;0;0;0;0;0;0;0;0;3;9;41;False
994;0;0;0;0;0;0;0;0;0;3;9;40;False
995;0;0;0;0;0;0;0;0;0;3;9;39;False
996;0;0;0;0;0;0;0;0;0;3;9;38;False
997;0;0;0;0;0;0;0;0;0;3;9;37;False
998;0;0;0;0;0;0;0;0;0;3;9;36;False
999;0;0;0;0;0;0;0;0;0;3;9;35;False
1000;0;0;0;0;0;0;0;0;0;3;9;34;False
1001;0;0;0;0;0;0;0;0;0;3;9;33;False
1002;0;0;0;0;0;0;0;0;0;3;9;32;False
1003;0;0;0;0;0;0;0;0;0;3;9;31;False
1004;0;0;0;0;0;0;0;0;0;3;9;30;False
1005;0;0;0;0;0;0;0;0;0;3;9;29;False
1006;0;0;0;0;0;0;0;0;0;3;9;28;False
1007;0;0;0;0;0;0;0;0;0;3;9;27;False
1008;0;0;0;0;0;0;0;0;0;3;9;26;False
1009;0;0;0;0;0;0;0;0;0;3;9;25;False
1010;0;0;0;0;0;0;0;0;0;3;9;24;False
1011;0;0;0;0;0;0;0;0;0;3;9;23;False
1012;0;0;0;0;0;0;0;0;0;3;9;22;False
1013;0;0;0;0;0;0;0;0;0;3;9;21;False
1014;0;0;0;0;0;0;0;0;0;3;9;20;False
1015;0;0;0;0;0;0;0;0;0;3;9;19;False
1016;0;0;0;0;0;0;0;0;0;3;9;18;False
1017;0;0;0;0;0;0;0;0;0;3;9;17;False
1018;0;0;0;0;0;0;0;0;0;3;9;16;False
1019;0;0;0;0;0;0;0;0;0;3;9;15;False
1020;0;0;0;0;0;0;0;0;0;3;9;14;False
1021;0;0;0;0;0;0;0;0;0;3;9;13;False
1022;0;0;0;0;0;0;0;0;0;3;9;12;False
1023;0;0;0;0;0;0;0;0;0;3;9;11;False
1024;0;0;0;0;0;0;0;0;0;3;9;10;False
1025;0;0;0;0;0;0;0;0;0;3;9;9;False
1026;0;0;0;0;0;0;0;0;0;3;9;8;False
1027;0;0;0;0;0;0;0;0;0;3;9;7;False
1028;0;0;0;0;0;0;0;0;0;3;9;6;False
1029;0;0;0;0;0;0;0;0;0;3;9;5;False
1030;0;0;0;0;0;0;0;0;0;3;9;4;False
1031;0;0;0;0;0;0;0;0;0;3;9;4;True
1032;0;0;0;0;0;0;0;0;0;3;9;4;True
1033;0;0;0;0;0;0;0;0;1;3;9;4;True
1034;0;0;0;0;0;0;0;0;1;3;9;4;True
1035;0;0;0;0;0;0;0;0;1;3;9;4;True
1036;0;0;0;0;0;0;0;0;1;3;9;4;True
1037;0;0;0;0;0;0;0;0;1;3;9;4;True
1038;0;0;0;0;0;0;0;0;1;3;9;4;True
1039;0;0;0;0;0;0;0;0;1;3;9;4;True
1040;0;0;0;0;0;0;0;0;1;3;9;4;True
1041;0;0;0;0;0;0;0;0;1;3;9;4;True
1042;0;0;0;0;0;0;0;0;1;3;9;4;True
1043;0;0;0;0;0;0;0;0;1;3;9;4;True
1044;0;0;0;0;0;0;0;0;1;3;9;4;True
1045;0;0;0;0;0;0;0;0;1;3;9;4;True
1046;0;0;0;0;0;0;0;0;1;3;9;4;True
1047;0;0;0;0;0;0;0;0;1;3;9;4;True
1048;0;0;0;0;0;0;0;0;1;3;9;4;True
1049;0;0;0;0;0;0;0;0;1;3;9;4;True
1050;0;0;0;0;0;0;0;0;1;3;9;4;True
1051;0;0;0;0;0;0;0;0;1;3;9;4;True
1052;0;0;0;0;0;0;0;0;1;3;9;4;True
1053;0;0;0;0;0;0;0;0;1;3;9;4;True
1054;0;0;0;0;0;0;0;0;1;3;9;4;True
1055;0;0;0;0;0;0;0;0;1;3;9;4;True
1056;0;0;0;0;0;0;0;0;1;3;9;4;True
1057;0;0;0;0;0;0;0;0;1;3;9;4;True
1058;0;0;0;0;0;0;0;0;1;3;9;4;True
1059;0;0;0;0;0;0;0;0;1;3;9;4;True
1060;0;0;0;0;0;0;0;0;1;3;9;4;True
1061;0;0;0;0;0;0;0;0;1;3;9;4;True
1062;0;0;0;0;0;0;0;0;1;3;9;4;True
1063;0;0;0;0;0;0;0;0;1;3;9;4;True
1064;0;0;0;0;0;0;0;0;1;3;9;4;True
1065;0;0;0;0;0;0;0;0;1;3;9;4;True
1066;0;0;0;0;0;0;0;0;1;3;9;4;True
1067;0;0;0;0;0;0;0;0;1;3;9;4;True
1068;0;0;0;0;0;0;0;0;1;3;9;4;True
1069;0;0;0;0;0;0;0;0;1;3;9;4;True
1070;0;0;0;0;0;0;0;0;1;3;9;4;True
1071;0;0;0;0;0;0;0;0;1;3;9;4;True
1072;0;0;0;0;0;0;0;0;1;3;9;4;True
1073;0;0;0;0;0;0;0;0;1;3;9;4;True
1074;0;0;0;0;0;0;0;0;1;3;9;4;True
1075;0;0;0;0;0;0;0;0;1;3;9;4;True
1076;0;0;0;0;0;0;0;0;1;3;9;4;True
1077;0;0;0;0;0;0;0;0;1;3;9;4;True
1078;0;0;0;0;0;0;0;0;1;3;9;4;True
1079;0;0;0;0;0;0;0;0;1;3;9;4;True
1080;0;0;0;0;0;0;0;0;1;3;9;4;True
1081;0;0;0;0;0;0;0;0;1;3;9;4;True
1082;0;0;0;0;0;0;0;0;1;3;9;4;True
1083;0;0;0;0;0;0;0;0;1;3;9;4;True
1084;0;0;0;0;0;0;0;0;1;3;9;4;True
1085;0;0;0;0;0;0;0;0;1;3;9;4;True
1086;0;0;0;0;0;0;0;0;1;3;9;4;True
1087;0;0;0;0;0;0;0;0;1;3;9;4;True
1088;0;0;0;0;0;0;0;0;1;3;9;4;True
1089;0;0;0;0;0;0;0;0;1;3;9;4;True
1090;0;0;0;0;0;0;0;0;1;3;9;4;True
1091;0;0;0;0;0;0;0;0;1;3;9;4;True
1092;0;0;0;0;0;0;0;0;1;3;9;4;True
1093;0;0;0;0;0;0;0;0;1;3;9;4;True
1094;0;0;0;0;0;0;0;0;1;3;9;4;True
1095;0;0;0;0;0;0;0;0;1;3;9;4;True
1096;0;0;0;0;0;0;0;0;1;3;9;4;True
1097;0;0;0;0;0;0;0;0;1;3;9;4;True
1098;0;0;0;0;0;0;0;0;1;3;9;4;True
1099;0;0;0;0;0;0;0;0;1;3;9;4;True
1100;0;0;0;0;0;0;0;0;1;3;9;4;True
1101;0;0;0;0;0;0;0;0;1;3;9;4;True
1102;0;0;0;0;0;0;0;0;1;3;9;4;True
1103;0;0;0;0;0;0;0;0;1;3;9;4;True
1104;0;0;0;0;0;0;0;0;1;3;9;4;True
1105;0;0;0;0;0;0;0;0;1;3;9;4;True
1106;0;0;0;0;0;0;0;0;1;3;9;4;True
1107;0;0;0;0;0;0;0;0;1;3;9;4;True
1108;0;0;0;0;0;0;0;0;1;3;9;4;True
1109;0;0;0;0;0;0;0;0;1;3;9;4;True
1110;0;0;0;0;0;0;0;0;1;3;9;4;True
1111;0;0;0;0;0;0;0;0;1;3;9;4;True
1112;0;0;0;0;0;0;0;0;1;3;9;4;True
1113;0;0;0;0;0;0;0;0;1;3;9;4;True
1114;0;0;0;0;0;0;0;0;1;3;9;4;True
1115;0;0;0;0;0;0;0;0;1;3;9;4;True
1116;0;0;0;0;0;0;0;0;1;3;9;4;True
1117;0;0;0;0;0;0;0;0;1;3;9;4;True
1118;0;0;0;0;0;0;0;0;1;3;9;4;True
1119;0;0;0;0;0;0;0;0;1;3;9;4;True
1120;0;0;0;0;0;0;0;0;1;3;9;4;True
1121;0;0;0;0;0;0;0;0;1;3;9;4;True
1122;0;0;0;0;0;0;0;0;1;3;9;4;True
1123;0;0;0;0;0;0;0;0;1;3;9;4;True
1124;0;0;0;0;0;0;0;0;1;3;9;4;True
1125;0;0;0;0;0;0;0;0;1;3;9;4;True
1126;0;0;0;0;0;0;0;0;1;3;9;4;True
1127;0;0;0;0;0;0;0;0;1;3;9;4;True
1128;0;0;0;0;0;0;0;0;1;3;9;4;True
1129;0;0;0;0;0;0;0;0;1;3;9;4;True
1130;0;0;0;0;0;0;0;0;1;3;9;4;True
1131;0;0;0;0;0;0;0;0;1;3;9;4;True
1132;0;0;0;0;0;0;0;0;1;3;9;4;True
1133;0;0;0;0;0;0;0;0;1;3;9;4;True
1134;0;0;0;0;0;0;0;0;1;3;9;4;True
1135;0;0;0;0;0;0;0;0;1;3;9;4;True
1136;0;0;0;0;0;0;0;0;1;3;9;4;True
1137;0;0;0;0;0;0;0;0;1;3;9;4;True
1138;0;0;0;0;0;0;0;0;1;3;9;4;True
1139;0;0;0;0;0;0;0;0;1;3;9;4;True
1140;0;0;0;0;0;0;0;0;1;3;9;4;True
1141;0;0;0;0;0;0;0;0;1;3;9;4;True
1142;0;0;0;0;0;0;0;0;1;3;9;4;True
1143;0;0;0;0;0;0;0;0;1;3;9;4;True
1144;0;0;0;0;0;0;0;0;1;3;9;4;True
1145;0;0;0;0;0;0;0;0;1;3;9;4;True
1146;0;0;0;0;0;0;0;0;1;3;9;4;True
1147;0;0;0;0;0;0;0;0;1;3;9;4;True
1148;0;0;0;0;0;0;0;0;1;3;9;4;True
1149;0;0;0;0;0;0;0;0;1;3;9;4;True
1150;0;0;0;0;0;0;0;0;1;3;9;4;True
1151;0;0;0;0;0;0;0;0;1;3;9;4;True
1152;0;0;0;0;0;0;0;0;1;3;9;4;True
1153;0;0;0;0;0;0;0;0;1;3;9;4;True
1154;0;0;0;0;0;0;0;0;1;3;9;4;True
1155;0;0;0;0;0;0;0;0;1;3;9;4;True
1156;0;0;0;0;0;0;0;0;1;3;9;4;True
1157;0;0;0;0;0;0;0;0;1;3;9;4;True
1158;0;0;0;0;0;0;0;0;1;3;9;4;True
1159;0;0;0;0;0;0;0;0;1;3;9;4;True
1160;0;0;0;0;0;0;0;0;1;3;9;4;True
1161;0;0;0;0;0;0;0;0;1;3;9;4;True
1162;0;0;0;0;0;0;0;0;1;3;9;4;True
1163;0;0;0;0;0;0;0;0;1;3;9;4;True
1164;0;0;0;0;0;0;0;0;1;3;9;4;True
1165;0;0;0;0;0;0;0;0;1;3;9;4;True
1166;0;0;0;0;0;0;0;0;1;3;9;4;True
1167;0;0;0;0;0;0;0;0;1;3;9;4;True
1168;0;0;0;0;0;0;0;0;1;3;9;4;True
1169;0;0;0;0;0;0;0;0;1;3;9;4;True
1170;0;0;0;0;0;0;0;0;1;3;9;4;True
1171;0;0;0;0;0;0;0;0;1;3;9;4;True
1172;0;0;0;0;0;0;0;0;1;3;9;4;True
1173;0;0;0;0;0;0;0;0;1;3;9;4;True
1174;0;0;0;0;0;0;0;0;1;3;9;4;True
1175;0;0;0;0;0;0;0;0;1;3;9;4;True
1176;0;0;0;0;0;0;0;0;1;3;9;4;True
1177;0;0;0;0;0;0;0;0;1;3;9;4;True
1178;0;0;0;0;0;0;0;0;1;3;9;4;True
1179;0;0;0;0;0;0;0;0;1;3;9;4;True
1180;0;0;0;0;0;0;0;0;0;3;9;4;True
1181;0;0;0;0;0;0;0;0;0;3;9;4;True
1182;0;0;0;0;0;0;0;0;0;3;9;4;True
1183;0;0;0;0;0;0;0;0;0;3;9;4;True
1184;0;0;0;0;0;0;0;0;0;3;9;4;True
1185;0;0;0;0;0;0;0;0;0;3;9;4;True
1186;0;0;0;0;0;0;0;0;0;3;9;4;True
1187;0;0;0;0;0;0;0;0;0;3;9;4;True
1188;0;0;0;0;0;0;0;0;0;3;9;4;True
1189;0;0;0;0;0;0;0;0;0;3;9;3;False
1190;0;0;0;0;0;0;0;0;0;3;9;2;False
1191;0;0;0;0;0;0;0;0;0;3;9;1;False
1192;0;0;0;0;0;0;0;0;0;3;9;0;False
1193;0;0;0;0;0;0;0;0;0;3;8;59;False
1194;0;0;0;0;0;0;0;0;0;3;8;58;False
1195;0;0;0;0;0;0;0;0;0;3;8;57;False
1196;0;0;0;0;0;0;0;0;0;3;8;56;False
1197;0;0;0;0;0;0;0;0;0;3;8;55;False
1198;0;0;0;0;0;0;0;0;0;3;8;54;False
1199;0;0;0;0;0;0;0;0;0;3;8;53;False
1200;0;0;0;0;0;0;0;0;0;3;8;52;False
1201;0;0;0;0;0;0;0;0;0;3;8;51;False
1202;0;0;0;0;0;0;0;0;0;3;8;50;False
1203;0;0;0;0;0;0;0;0;0;3;8;49;False
1204;0;0;0;0;0;0;0;0;0;3;8;48;False
1205;0;0;0;0;0;0;0;0;0;3;8;47;False
1206;0;0;0;0;0;0;0;0;0;3;8;46;False
1207;0;0;0;0;0;0;0;0;0;3;8;45;False
1208;0;0;0;0;0;0;0;0;0;3;8;44;False
1209;0;0;0;0;0;0;0;0;0;3;8;43;False
1210;0;0;0;0;0;0;0;0;0;3;8;42;False
1211;0;0;0;0;0;0;0;0;0;3;8;41;False
1212;0;0;0;0;0;0;0;0;0;3;8;40;False
1213;0;0;0;0;0;0;0;0;0;3;8;39;False
1214;0;0;0;0;0;0;0;0;0;3;8;38;False
1215;0;0;0;0;0;0;0;0;0;3;8;37;False
1216;0;0;0;0;0;0;0;0;0;3;8;36;False
1217;0;0;0;0;0;0;0;0;0;3;8;35;False
1218;0;0;0;0;0;0;0;0;0;3;8;34;False
1219;0;0;0;0;0;0;0;0;0;3;8;33;False
1220;0;0;0;0;0;0;0;0;0;3;8;32;False
1221;0;0;0;0;0;0;0;0;0;3;8;31;False
1222;0;0;0;0;0;0;0;0;0;3;8;30;False
1223;0;0;0;0;0;0;0;0;0;3;8;29;False
1224;0;0;0;0;0;0;0;0;0;3;8;28;False
1225;0;0;0;0;0;0;0;0;0;3;8;27;False
1226;0;0;0;0;0;0;0;0;0;3;8;26;False
1227;0;0;0;0;0;0;0;0;0;3;8;25;False
1228;0;0;0;0;0;0;0;0;0;3;8;24;False
1229;0;0;0;0;0;0;0;0;0;3;8;23;False
1230;0;0;0;0;0;0;0;0;0;3;8;22;False
1231;0;0;0;0;0;0;0;0;0;3;8;21;False
1232;0;0;0;0;0;0;0;0;0;3;8;20;False
1233;0;0;0;0;0;0;0;0;0;3;8;19;False
1234;0;0;0;0;0;0;0;0;0;3;8;18;False
1235;0;0;0;0;0;0;0;0;0;3;8;17;False
1236;0;0;0;0;0;0;0;0;0;3;8;16;False
1237;0;0;0;0;0;0;0;0;0;3;8;15;False
1238;0;0;0;0;0;0;0;0;0;3;8;14;False
1239;0;0;0;0;0;0;0;0;0;3;8;13;False
1240;0;0;0;0;0;0;0;0;0;3;8;12;False
1241;0;0;0;0;0;0;0;0;0;3;8;11;False
1242;0;0;0;0;0;0;0;0;0;3;8;10;False
1243;0;0;0;0;0;0;0;0;0;3;8;9;False
1244;0;0;0;0;0;0;0;0;0;3;8;8;False
1245;0;0;0;0;0;0;0;0;0;3;8;7;False
1246;0;0;0;0;0;0;0;0;0;3;8;6;False
1247;0;0;0;0;0;0;0;0;0;3;8;5;False
1248;0;0;0;0;0;0;0;0;0;3;8;4;False
1249;0;0;0;0;0;0;0;0;0;3;8;3;False
1250;0;0;0;0;0;0;0;0;0;3;8;2;False
1251;0;0;0;0;0;0;0;0;0;3;8;1;False
1252;0;0;0;0;0;0;0;0;0;3;8;0;False
1253;0;0;0;0;0;0;0;0;0;3;7;59;False
1254;0;0;0;0;0;0;0;0;0;3;7;58;False
1255;0;0;0;0;0;0;0;0;0;3;7;57;False
1256;0;0;0;0;0;0;0;0;0;3;7;56;False
1257;0;0;0;0;0;0;0;0;0;3;7;55;False
1258;0;0;0;0;0;0;0;0;0;3;7;54;False
1259;0;0;0;0;0;0;0;0;0;3;7;53;False
1260;0;0;0;0;0;0;0;0;0;3;7;52;True
1261;0;0;0;0;0;0;0;0;0;3;7;52;True
1262;0;0;0;0;0;0;0;0;1;3;7;52;True
1263;0;0;0;0;0;0;0;0;1;3;7;52;True
1264;0;0;0;0;0;0;0;0;1;3;7;52;True
1265;0;0;0;0;0;0;0;0;1;3;7;52;True
1266;0;0;0;0;0;0;0;0;1;3;7;52;True
1267;0;0;0;0;0;0;0;0;1;3;7;52;True
1268;0;0;0;0;0;0;0;0;1;3;7;52;True
1269;0;0;0;0;0;0;0;0;1;3;7;52;True
1270;0;0;0;0;0;0;0;0;1;3;7;52;True
1271;0;0;0;0;0;0;0;0;1;3;7;52;True
1272;0;0;0;0;0;0;0;0;1;3;7;52;True
1273;0;0;0;0;0;0;0;0;1;3;7;52;True
1274;0;0;0;0;0;0;0;0;1;3;7;52;True
1275;0;0;0;0;0;0;0;0;1;3;7;52;True
1276;0;0;0;0;0;0;0;0;1;3;7;52;True
1277;0;0;0;0;0;0;0;0;1;3;7;52;True
1278;0;0;0;0;0;0;0;0;1;3;7;52;True
1279;0;0;0;0;0;0;0;0;1;3;7;52;True
1280;0;0;0;0;0;0;0;0;1;3;7;52;True
1281;0;0;0;0;0;0;0;0;1;3;7;52;True
1282;0;0;0;0;0;0;0;0;1;3;7;52;True
1283;0;0;0;0;0;0;0;0;1;3;7;52;True
1284;0;0;0;0;0;0;0;0;1;3;7;52;True
1285;0;0;0;0;0;0;0;0;1;3;7;52;True
1286;0;0;0;0;0;0;0;0;1;3;7;52;True
1287;0;0;0;0;0;0;0;0;1;3;7;52;True
1288;0;0;0;0;0;0;0;0;0;3;7;50;False
1289;0;0;0;0;0;0;0;0;0;3;7;49;False
1290;0;0;0;0;0;0;0;0;0;3;7;48;False
1291;0;0;0;0;0;0;0;0;0;3;7;47;False
1292;0;0;0;0;0;0;0;0;0;3;7;46;False
1293;0;0;0;0;0;0;0;0;0;3;7;45;False
1294;0;0;0;0;0;0;0;0;0;3;7;44;False
1295;0;0;0;0;0;0;0;0;0;3;7;43;False
1296;0;0;0;0;0;0;0;0;0;3;7;42;False
1297;0;0;0;0;0;0;0;0;0;3;7;41;False
1298;0;0;0;0;0;0;0;0;0;3;7;40;False
1299;0;0;0;0;0;0;0;0;0;3;7;39;False
1300;0;0;0;0;0;0;0;0;0;3;7;38;False
1301;0;0;0;0;0;0;0;0;0;3;7;37;False
1302;0;0;0;0;0;0;0;0;0;3;7;36;False
1303;0;0;0;0;0;0;0;0;0;3;7;35;False
1304;0;0;0;0;0;0;0;0;0;3;7;34;False
1305;0;0;0;0;0;0;0;0;0;3;7;33;False
1306;0;0;0;0;0;0;0;0;0;3;7;32;False
1307;0;0;0;0;0;0;0;0;0;3;7;31;False
1308;0;0;0;0;0;0;0;0;0;3;7;30;False
1309;0;0;0;0;0;0;0;0;0;3;7;29;False
1310;0;0;0;0;0;0;0;0;0;3;7;28;False
1311;0;0;0;0;0;0;0;0;0;3;7;27;False
1312;0;0;0;0;0;0;0;0;0;3;7;26;False
1313;0;0;0;0;0;0;0;0;0;3;7;25;False
1314;0;0;0;0;0;0;0;0;0;3;7;24;False
1315;0;0;0;0;0;0;0;0;0;3;7;23;False
1316;0;0;0;0;0;0;0;0;0;3;7;22;False
1317;0;0;0;0;0;0;0;0;0;3;7;21;False
1318;0;0;0;0;0;0;0;0;0;3;7;20;False
1319;0;0;0;0;0;0;0;0;0;3;7;19;False
1320;0;0;0;0;0;0;0;0;0;3;7;18;False
1321;0;0;0;0;0;0;0;0;0;3;7;17;False
1322;0;0;0;0;0;0;0;0;0;3;7;16;False
1323;0;0;0;0;0;0;0;0;0;3;7;15;False
1324;0;0;0;0;0;0;0;0;0;3;7;14;False
1325;0;0;0;0;0;0;0;0;0;3;7;13;False
1326;0;0;0;0;0;0;0;0;0;3;7;12;False
1327;0;0;0;0;0;0;0;0;0;3;7;11;False
1328;0;0;0;0;0;0;0;0;0;3;7;10;False
1329;0;0;0;0;0;0;0;0;0;3;7;9;False
1330;0;0;0;0;0;0;0;0;0;3;7;8;False
1331;0;0;0;0;0;0;0;0;0;3;7;7;False
1332;0;0;0;0;0;0;0;0;0;3;7;6;False
1333;0;0;0;0;0;0;0;0;0;3;7;5;False
1334;0;0;0;0;0;0;0;0;0;3;7;4;False
1335;0;0;0;0;0;0;0;0;0;3;7;3;False
1336;0;0;0;0;0;0;0;0;0;3;7;2;False
1337;0;0;0;0;0;0;0;0;0;3;7;1;False
1338;0;0;0;0;0;0;0;0;0;3;7;0;False
1339;0;0;0;0;0;0;0;0;0;3;6;59;False
1340;0;0;0;0;0;0;0;0;0;3;6;58;False
1341;0;0;0;0;0;0;0;0;0;3;6;57;False
1342;0;0;0;0;0;0;0;0;0;3;6;56;False
1343;0;0;0;0;0;0;0;0;0;3;6;55;False
1344;0;0;0;0;0;0;0;0;0;3;6;54;False
1345;0;0;0;0;0;0;0;0;0;3;6;53;False
1346;0;0;0;0;0;0;0;0;0;3;6;52;False
1347;0;0;0;0;0;0;0;0;0;3;6;51;False
1348;0;0;0;0;0;0;0;0;0;3;6;50;False
1349;0;0;0;0;0;0;0;0;0;3;6;49;False
1350;0;0;0;0;0;0;0;0;0;3;6;48;False
1351;0;0;0;0;0;0;0;0;0;3;6;47;False
1352;0;0;0;0;0;0;0;0;0;3;6;46;False
1353;0;0;0;0;0;0;0;0;0;3;6;45;False
1354;0;0;0;0;0;0;0;0;0;3;6;44;False
1355;0;0;0;0;0;0;0;0;0;3;6;43;False
1356;0;0;0;0;0;0;0;0;0;3;6;42;False
1357;0;0;0;0;0;0;0;0;0;3;6;41;False
1358;0;0;0;0;0;0;0;0;0;3;6;40;False
1359;0;0;0;0;0;0;0;0;0;3;6;39;False
1360;0;0;0;0;0;0;0;0;0;3;6;38;False
1361;0;0;0;0;0;0;0;0;0;3;6;37;False
1362;0;0;0;0;0;0;0;0;0;3;6;36;False
1363;0;0;0;0;0;0;0;0;0;3;6;35;False
1364;0;0;0;0;0;0;0;0;0;3;6;34;False
1365;0;0;0;0;0;0;0;0;0;3;6;33;False
1366;0;0;0;0;0;0;0;0;0;3;6;32;False
1367;0;0;0;0;0;0;0;0;0;3;6;31;False
1368;0;0;0;0;0;0;0;0;0;3;6;30;False
1369;0;0;0;0;0;0;0;0;0;3;6;29;False
1370;0;0;0;0;0;0;0;0;0;3;6;28;False
1371;0;0;0;0;0;0;0;0;0;3;6;27;False
1372;0;0;0;0;0;0;0;0;0;3;6;26;False
1373;0;0;0;0;0;0;0;0;0;3;6;25;False
1374;0;0;0;0;0;0;0;0;0;3;6;24;False
1375;0;0;0;0;0;0;0;0;0;3;6;23;False
1376;0;0;0;0;0;0;0;0;0;3;6;22;False
1377;0;0;0;0;0;0;0;0;0;3;6;21;False
1378;0;0;0;0;0;0;0;0;0;3;6;20;False
1379;0;0;0;0;0;0;0;0;0;3;6;19;False
1380;0;0;0;0;0;0;0;0;0;3;6;18;False
1381;0;0;0;0;0;0;0;0;0;3;6;17;False
1382;0;0;0;0;0;0;0;0;0;3;6;16;False
1383;0;0;0;0;0;0;0;0;0;3;6;15;False
1384;0;0;0;0;0;0;0;0;0;3;6;14;False
1385;0;0;0;0;0;0;0;0;0;3;6;13;False
1386;0;0;0;0;0;0;0;0;0;3;6;12;False
1387;0;0;0;0;0;0;0;0;0;3;6;11;False
1388;0;0;0;0;0;0;0;0;0;3;6;10;False
1389;0;0;0;0;0;0;0;0;1;3;6;9;False
1390;0;0;0;0;0;0;0;0;1;3;6;8;False
1391;0;0;0;0;0;0;0;0;1;3;6;8;False
1392;0;0;0;0;0;0;0;0;1;3;6;8;False
1393;0;0;0;0;0;0;0;0;1;3;6;8;False
1394;0;0;0;0;0;0;0;0;1;3;6;8;False
1395;0;0;0;0;0;0;0;0;0;3;6;3;False
1396;0;0;0;0;0;0;0;0;0;3;6;2;False
1397;0;0;0;0;0;0;0;0;0;3;6;1;False
1398;0;0;0;0;0;0;0;0;0;3;6;0;False
1399;0;0;0;0;0;0;0;0;0;3;5;59;False
1400;0;0;0;0;0;0;0;0;0;3;5;58;False
1401;0;0;0;0;0;0;0;0;0;3;5;57;False
1402;0;0;0;0;0;0;0;0;0;3;5;56;False
1403;0;0;0;0;0;0;0;0;0;3;5;55;False
1404;0;0;0;0;0;0;0;0;0;3;5;54;False
1405;0;0;0;0;0;0;0;0;0;3;5;53;False
1406;0;0;0;0;0;0;0;0;0;3;5;52;False
1407;0;0;0;0;0;0;0;0;0;3;5;51;False
1408;0;0;0;0;0;0;0;0;0;3;5;50;False
1409;0;0;0;0;0;0;0;0;0;3;5;49;False
1410;0;0;0;0;0;0;0;0;0;3;5;48;False
1411;0;0;0;0;0;0;0;0;0;3;5;47;False
1412;0;0;0;0;0;0;0;0;0;3;5;46;False
1413;0;0;0;0;0;0;0;0;0;3;5;45;False
1414;0;0;0;0;0;0;0;0;0;3;5;44;False
1415;0;0;0;0;0;0;0;0;0;3;5;43;False
1416;0;0;0;0;0;0;0;0;0;3;5;42;False
1417;0;0;0;0;0;0;0;0;0;3;5;41;False
1418;0;0;0;0;0;0;0;0;0;3;5;40;False
1419;0;0;0;0;0;0;0;0;0;3;5;39;False
1420;0;0;0;0;0;0;0;0;0;3;5;38;False
1421;0;0;0;0;0;0;0;0;0;3;5;37;False
1422;0;0;0;0;0;0;0;0;0;3;5;36;False
1423;0;0;0;0;0;0;0;0;0;3;5;35;False
1424;0;0;0;0;0;0;0;0;0;3;5;34;False
1425;0;0;0;0;0;0;0;0;1;3;5;33;False
1426;0;0;0;0;0;0;0;0;1;3;5;32;False
1427;0;0;0;0;0;0;0;0;1;3;5;32;False
1428;0;0;0;0;0;0;0;0;1;3;5;32;False
1429;0;0;0;0;0;0;0;0;1;3;5;32;False
1430;0;0;0;0;0;0;0;0;1;3;5;32;False
1431;0;0;0;0;0;0;0;0;1;3;5;32;False
1432;0;0;0;0;0;0;0;0;1;3;5;32;False
1433;0;0;0;0;0;0;0;0;1;3;5;32;False
1434;0;0;0;0;0;0;0;0;1;3;5;32;False
1435;0;0;0;0;0;0;0;0;1;3;5;32;False
1436;0;0;0;0;0;0;0;0;1;3;5;32;False
1437;0;0;0;0;0;0;0;0;0;3;5;21;False
1438;0;0;0;0;0;0;0;0;0;3;5;20;False
1439;0;0;0;0;0;0;0;0;0;3;5;19;False
1440;0;0;0;0;0;0;0;0;0;3;5;18;True
1441;0;0;0;0;0;0;0;0;1;3;5;18;True
1442;0;0;0;0;0;0;0;0;1;3;5;18;True
1443;0;0;0;0;0;0;0;0;1;3;5;18;True
1444;0;0;0;0;0;0;0;0;1;3;5;18;True
1445;0;0;0;0;0;0;0;0;1;3;5;18;True
1446;0;0;0;0;0;0;0;0;1;3;5;18;True
1447;0;0;0;0;0;0;0;0;1;3;5;18;True
1448;0;0;0;0;0;0;0;0;1;3;5;18;True
1449;0;0;0;0;0;0;0;0;1;3;5;18;True
1450;0;0;0;0;0;0;0;0;1;3;5;18;True
1451;0;0;0;0;0;0;0;0;1;3;5;18;True
1452;0;0;0;0;0;0;0;0;1;3;5;18;True
1453;0;0;0;0;0;0;0;0;1;3;5;18;True
1454;0;0;0;0;0;0;0;0;1;3;5;18;True
1455;0;0;0;0;0;0;0;0;1;3;5;18;True
1456;0;0;0;0;0;0;0;0;1;3;5;18;True
1457;0;0;0;0;0;0;0;0;1;3;5;18;True
1458;0;0;0;0;0;0;0;0;1;3;5;18;True
1459;0;0;0;0;0;0;0;0;1;3;5;18;True
1460;0;0;0;0;0;0;0;0;1;3;5;18;True
1461;0;0;0;0;0;0;0;0;1;3;5;18;True
1462;0;0;0;0;0;0;0;0;1;3;5;18;True
1463;0;0;0;0;0;0;0;0;1;3;5;18;True
1464;0;0;0;0;0;0;0;0;1;3;5;18;True
1465;0;0;0;0;0;0;0;0;1;3;5;18;True
1466;0;0;0;0;0;0;0;0;1;3;5;18;True
1467;0;0;0;0;0;0;0;0;1;3;5;18;True
1468;0;0;0;0;0;0;0;0;1;3;5;18;True
1469;0;0;0;0;0;0;0;0;1;3;5;18;True
1470;0;0;0;0;0;0;0;0;1;3;5;18;True
1471;0;0;0;0;0;0;0;0;1;3;5;18;True
1472;0;0;0;0;0;0;0;0;1;3;5;18;True
1473;0;0;0;0;0;0;0;0;1;3;5;18;True
1474;0;0;0;0;0;0;0;0;1;3;5;18;True
1475;0;0;0;0;0;0;0;0;1;3;5;18;True
1476;0;0;0;0;0;0;0;0;1;3;5;18;True
1477;0;0;0;0;0;0;0;0;1;3;5;18;True
1478;0;0;0;0;0;0;0;0;1;3;5;18;True
1479;0;0;0;0;0;0;0;0;1;3;5;18;True
1480;0;0;0;0;0;0;0;0;1;3;5;18;True
1481;0;0;0;0;0;0;0;0;1;3;5;18;True
1482;0;0;0;0;0;0;0;0;1;3;5;18;True
1483;0;0;0;0;0;0;0;0;1;3;5;18;True
1484;0;0;0;0;0;0;0;0;1;3;5;18;True
1485;0;0;0;0;0;0;0;0;1;3;5;18;True
1486;0;0;0;0;0;0;0;0;1;3;5;18;True
1487;0;0;0;0;0;0;0;0;1;3;5;18;True
1488;0;0;0;0;0;0;0;0;1;3;5;18;True
1489;0;0;0;0;0;0;0;0;1;3;5;18;True
1490;0;0;0;0;0;0;0;0;1;3;5;18;True
1491;0;0;0;0;0;0;0;0;1;3;5;18;True
1492;0;0;0;0;0;0;0;0;1;3;5;18;True
1493;0;0;0;0;0;0;0;0;1;3;5;18;True
1494;0;0;0;0;0;0;0;0;1;3;5;18;True
1495;0;0;0;0;0;0;0;0;1;3;5;18;True
1496;0;0;0;0;0;0;0;0;1;3;5;18;True
1497;0;0;0;0;0;0;0;0;1;3;5;18;True
1498;0;0;0;0;0;0;0;0;1;3;5;18;True
1499;0;0;0;0;0;0;0;0;1;3;5;18;True
1500;0;0;0;0;0;0;0;0;1;3;5;18;True
1502;0;0;0;0;0;0;0;0;1;3;5;18;True
1503;0;0;0;0;0;0;0;0;1;3;5;18;True
1504;0;0;0;0;0;0;0;0;1;3;5;18;True
1505;0;0;0;0;0;0;0;0;1;3;5;18;True
1506;0;0;0;0;0;0;0;0;1;3;5;18;True
1507;0;0;0;0;0;0;0;0;1;3;5;18;True
1508;0;0;0;0;0;0;0;0;1;3;5;18;True
1509;0;0;0;0;0;0;0;0;1;3;5;18;True
1510;0;0;0;0;0;0;0;0;1;3;5;18;True
1511;0;0;0;0;0;0;0;0;1;3;5;18;True
1512;0;0;0;0;0;0;0;0;1;3;5;18;True
1513;0;0;0;0;0;0;0;0;1;3;5;18;True
1514;0;0;0;0;0;0;0;0;1;3;5;18;True
1515;0;0;0;0;0;0;0;0;1;3;5;18;True
1516;0;0;0;0;0;0;0;0;1;3;5;18;True
1517;0;0;0;0;0;0;0;0;1;3;5;18;True
1518;0;0;0;0;0;0;0;0;1;3;5;18;True
1519;0;0;0;0;0;0;0;0;1;3;5;18;True
1520;0;0;0;0;0;0;0;0;1;3;5;18;True
1521;0;0;0;0;0;0;0;0;1;3;5;18;True
1522;0;0;0;0;0;0;0;0;1;3;5;18;True
1523;0;0;0;0;0;0;0;0;1;3;5;18;True
1524;0;0;0;0;0;0;0;0;1;3;5;18;True
1525;0;0;0;0;0;0;0;0;1;3;5;18;True
1526;0;0;0;0;0;0;0;0;1;3;5;18;True
1527;0;0;0;0;0;0;0;0;1;3;5;18;True
1528;0;0;0;0;0;0;0;0;1;3;5;18;True
1529;0;0;0;0;0;0;0;0;1;3;5;18;True
1530;0;0;0;0;0;0;0;0;1;3;5;18;True
1531;0;0;0;0;0;0;0;0;1;3;5;18;True
1532;0;0;0;0;0;0;0;0;1;3;5;18;True
1533;0;0;0;0;0;0;0;0;1;3;5;18;True
1534;0;0;0;0;0;0;0;0;1;3;5;18;True
1535;0;0;0;0;0;0;0;0;1;3;5;18;True
1536;0;0;0;0;0;0;0;0;1;3;5;18;True
1537;0;0;0;0;0;0;0;0;1;3;5;18;True
1538;0;0;0;0;0;0;0;0;1;3;5;18;True
1539;0;0;0;0;0;0;0;0;1;3;5;18;True
1540;0;0;0;0;0;0;0;0;1;3;5;18;True
1541;0;0;0;0;0;0;0;0;1;3;5;18;True
1542;0;0;0;0;0;0;0;0;1;3;5;18;True
1543;0;0;0;0;0;0;0;0;1;3;5;18;True
1544;0;0;0;0;0;0;0;0;1;3;5;18;True
1545;0;0;0;0;0;0;0;0;1;3;5;18;True
1546;0;0;0;0;0;0;0;0;1;3;5;18;True
1547;0;0;0;0;0;0;0;0;1;3;5;18;True
1548;0;0;0;0;0;0;0;0;1;3;5;18;True
1549;0;0;0;0;0;0;0;0;1;3;5;18;True
1550;0;0;0;0;0;0;0;0;1;3;5;18;True
1551;0;0;0;0;0;0;0;0;1;3;5;18;True
1552;0;0;0;0;0;0;0;0;1;3;5;18;True
1553;0;0;0;0;0;0;0;0;1;3;5;18;True
1554;0;0;0;0;0;0;0;0;1;3;5;18;True
1555;0;0;0;0;0;0;0;0;1;3;5;18;True
1556;0;0;0;0;0;0;0;0;1;3;5;18;True
1557;0;0;0;0;0;0;0;0;1;3;5;18;True
1558;0;0;0;0;0;0;0;0;1;3;5;18;True
1559;0;0;0;0;0;0;0;0;1;3;5;18;True
1560;0;0;0;0;0;0;0;0;1;3;5;18;True
1561;0;0;0;0;0;0;0;0;1;3;5;18;True
1562;0;0;0;0;0;0;0;0;1;3;5;18;True
1563;0;0;0;0;0;0;0;0;1;3;5;18;True
1564;0;0;0;0;0;0;0;0;1;3;5;18;True
1565;0;0;0;0;0;0;0;0;1;3;5;18;True
1566;0;0;0;0;0;0;0;0;1;3;5;18;True
1567;0;0;0;0;0;0;0;0;1;3;5;18;True
1568;0;0;0;0;0;0;0;0;1;3;5;18;True
1569;0;0;0;0;0;0;0;0;1;3;5;18;True
1570;0;0;0;0;0;0;0;0;1;3;5;18;True
1571;0;0;0;0;0;0;0;0;0;3;5;18;True
1572;0;0;0;0;0;0;0;0;0;3;5;18;True
1573;0;0;0;0;0;0;0;0;0;3;5;18;True
1574;0;0;0;0;0;0;0;0;0;3;5;18;True
1575;0;0;0;0;0;0;0;0;0;3;5;18;True
1576;0;0;0;0;0;0;0;0;0;3;5;17;False
1577;0;0;0;0;0;0;0;0;0;3;5;16;False
1578;0;0;0;0;0;0;0;0;0;3;5;15;False
1579;0;0;0;0;0;0;0;0;0;3;5;14;False
1580;0;0;0;0;0;0;0;0;0;3;5;13;False
1581;0;0;0;0;0;0;0;0;0;3;5;12;False
1582;0;0;0;0;0;0;0;0;0;3;5;11;False
1583;0;0;0;0;0;0;0;0;0;3;5;11;True
1584;0;0;0;0;0;0;0;0;0;3;5;11;True
1585;0;0;0;0;0;0;0;0;1;3;5;11;True
1586;0;0;0;0;0;0;0;0;1;3;5;11;True
1587;0;0;0;0;0;0;0;0;1;3;5;11;True
1588;0;0;0;0;0;0;0;0;1;3;5;11;True
1589;0;0;0;0;0;0;0;0;1;3;5;11;True
1590;0;0;0;0;0;0;0;0;1;3;5;11;True
1591;0;0;0;0;0;0;0;0;1;3;5;11;True
1592;0;0;0;0;0;0;0;0;1;3;5;11;True
1593;0;0;0;0;0;0;0;0;1;3;5;11;True
1594;0;0;0;0;0;0;0;0;1;3;5;11;True
1595;0;0;0;0;0;0;0;0;1;3;5;11;True
1596;0;0;0;0;0;0;0;0;1;3;5;11;True
1597;0;0;0;0;0;0;0;0;1;3;5;11;True
1598;0;0;0;0;0;0;0;0;1;3;5;11;True
1599;0;0;0;0;0;0;0;0;1;3;5;11;True
1600;0;0;0;0;0;0;0;0;1;3;5;11;True
1601;0;0;0;0;0;0;0;0;1;3;5;11;True
1602;0;0;0;0;0;0;0;0;1;3;5;11;True
1603;0;0;0;0;0;0;0;0;0;3;5;11;False
1604;0;0;0;0;0;0;0;0;0;3;5;10;False
1605;0;0;0;0;0;0;0;0;0;3;5;9;False
1606;0;0;0;0;0;0;0;0;0;3;5;8;False
1607;0;0;0;0;0;0;0;0;0;3;5;7;False
1608;0;0;0;0;0;0;0;0;0;3;5;6;False
1609;0;0;0;0;0;0;0;0;0;3;5;5;False
1610;0;0;0;0;0;0;0;0;0;3;5;4;False
1611;0;0;0;0;0;0;0;0;0;3;5;3;False
1612;0;0;0;0;0;0;0;0;0;3;5;2;False
1613;0;0;0;0;0;0;0;0;0;3;5;1;False
1614;0;0;0;0;0;0;0;0;0;3;5;0;False
1615;0;0;0;0;0;0;0;0;0;3;4;59;False
1616;0;0;0;0;0;0;0;0;0;3;4;58;False
1617;0;0;0;0;0;0;0;0;0;3;4;57;False
1618;0;0;0;0;0;0;0;0;0;3;4;56;False
1619;0;0;0;0;0;0;0;0;0;3;4;56;True
1620;0;0;0;0;0;0;0;0;0;3;4;56;True
1621;0;0;0;0;0;0;0;0;0;3;4;56;True
1622;0;0;0;0;0;0;0;0;0;3;4;56;True
1623;0;0;0;0;0;0;0;0;0;3;4;56;True
1624;0;0;0;0;0;0;0;0;1;3;4;56;True
1625;0;0;0;0;0;0;0;0;1;3;4;56;True
1626;0;0;0;0;0;0;0;0;1;3;4;56;True
1627;0;0;0;0;0;0;0;0;1;3;4;56;True
1628;0;0;0;0;0;0;0;0;1;3;4;56;True
1629;0;0;0;0;0;0;0;0;1;3;4;56;True
1630;0;0;0;0;0;0;0;0;1;3;4;56;True
1631;0;0;0;0;0;0;0;0;1;3;4;56;True
1632;0;0;0;0;0;0;0;0;1;3;4;56;True
1633;0;0;0;0;0;0;0;0;1;3;4;56;True
1634;0;0;0;0;0;0;0;0;1;3;4;56;True
1635;0;0;0;0;0;0;0;0;1;3;4;56;True
1636;0;0;0;0;0;0;0;0;1;3;4;56;True
1637;0;0;0;0;0;0;0;0;1;3;4;56;True
1638;0;0;0;0;0;0;0;0;0;3;4;56;True
1639;0;0;0;0;0;0;0;0;0;3;4;56;True
1640;0;0;0;0;0;0;0;0;0;3;4;56;True
1641;0;0;0;0;0;0;0;0;0;3;4;56;True
1642;0;0;0;0;0;0;0;0;0;3;4;56;True
1643;0;0;0;0;0;0;0;0;0;3;4;56;True
1644;0;0;0;0;0;0;0;0;0;3;4;56;True
1645;0;0;0;0;0;0;0;0;0;3;4;56;True
1646;0;0;0;0;0;0;0;0;1;3;4;56;True
1647;0;0;0;0;0;0;0;0;1;3;4;56;True
1648;0;0;0;0;0;0;0;0;1;3;4;56;True
1649;0;0;0;0;0;0;0;0;1;3;4;56;True
1650;0;0;0;0;0;0;0;0;1;3;4;56;True
1651;0;0;0;0;0;0;0;0;1;3;4;56;True
1652;0;0;0;0;0;0;0;0;1;3;4;56;True
1653;0;0;0;0;0;0;0;0;1;3;4;56;True
1654;0;0;0;0;0;0;0;0;1;3;4;56;True
1655;0;0;0;0;0;0;0;0;1;3;4;56;True
1656;0;0;0;0;0;0;0;0;1;3;4;56;True
1657;0;0;0;0;0;0;0;0;1;3;4;56;True
1658;0;0;0;0;0;0;0;0;1;3;4;56;True
1659;0;0;0;0;0;0;0;0;1;3;4;56;True
1660;0;0;0;0;0;0;0;0;1;3;4;56;True
1661;0;0;0;0;0;0;0;0;1;3;4;56;True
1662;0;0;0;0;0;0;0;0;1;3;4;56;True
1663;0;0;0;0;0;0;0;0;1;3;4;56;True
1664;0;0;0;0;0;0;0;0;1;3;4;56;True
1665;0;0;0;0;0;0;0;0;1;3;4;56;True
1666;0;0;0;0;0;0;0;0;1;3;4;56;True
1667;0;0;0;0;0;0;0;0;1;3;4;56;True
1668;0;0;0;0;0;0;0;0;1;3;4;56;True
1669;0;0;0;0;0;0;0;0;1;3;4;56;True
1670;0;0;0;0;0;0;0;0;1;3;4;56;True
1671;0;0;0;0;0;0;0;0;1;3;4;56;True
1672;0;0;0;0;0;0;0;0;1;3;4;56;True
1673;0;0;0;0;0;0;0;0;1;3;4;56;True
1674;0;0;0;0;0;0;0;0;1;3;4;56;True
1675;0;0;0;0;0;0;0;0;1;3;4;56;True
1676;0;0;0;0;0;0;0;0;1;3;4;56;True
1677;0;0;0;0;0;0;0;0;1;3;4;56;True
1678;0;0;0;0;0;0;0;0;1;3;4;56;True
1679;0;0;0;0;0;0;0;0;1;3;4;56;True
1680;0;0;0;0;0;0;0;0;0;3;4;50;False
1681;0;0;0;0;0;0;0;0;0;3;4;49;False
1682;0;0;0;0;0;0;0;0;0;3;4;48;False
1683;0;0;0;0;0;0;0;0;0;3;4;47;False
1684;0;0;0;0;0;0;0;0;0;3;4;46;False
1685;0;0;0;0;0;0;0;0;0;3;4;45;False
1686;0;0;0;0;0;0;0;0;0;3;4;44;False
1687;0;0;0;0;0;0;0;0;0;3;4;43;False
1688;0;0;0;0;0;0;0;0;0;3;4;42;False
1689;0;0;0;0;0;0;0;0;0;3;4;41;False
1690;0;0;0;0;0;0;0;0;0;3;4;40;False
1691;0;0;0;0;0;0;0;0;0;3;4;39;False
1692;0;0;0;0;0;0;0;0;0;3;4;38;False
1693;0;0;0;0;0;0;0;0;0;3;4;37;False
1694;0;0;0;0;0;0;0;0;0;3;4;36;False
1695;0;0;0;0;0;0;0;0;0;3;4;35;False
1696;0;0;0;0;0;0;0;0;0;3;4;34;False
1697;0;0;0;0;0;0;0;0;0;3;4;33;False
1698;0;0;0;0;0;0;0;0;0;3;4;32;False
1699;0;0;0;0;0;0;0;0;0;3;4;31;False
1700;0;0;0;0;0;0;0;0;0;3;4;30;False
1701;0;0;0;0;0;0;0;0;0;3;4;29;False
1702;0;0;0;0;0;0;0;0;0;3;4;29;True
1703;0;0;0;0;0;0;0;0;0;3;4;29;True
1704;0;0;0;0;0;0;0;0;1;3;4;29;True
1705;0;0;0;0;0;0;0;0;1;3;4;29;True
1706;0;0;0;0;0;0;0;0;1;3;4;29;True
1707;0;0;0;0;0;0;0;0;1;3;4;29;True
1708;0;0;0;0;0;0;0;0;1;3;4;29;True
1709;0;0;0;0;0;0;0;0;1;3;4;29;True
1710;0;0;0;0;0;0;0;0;1;3;4;29;True
1711;0;0;0;0;0;0;0;0;1;3;4;29;True
1712;0;0;0;0;0;0;0;0;1;3;4;29;True
1713;0;0;0;0;0;0;0;0;1;3;4;29;True
1714;0;0;0;0;0;0;0;0;1;3;4;29;True
1715;0;0;0;0;0;0;0;0;1;3;4;29;True
1716;0;0;0;0;0;0;0;0;1;3;4;29;True
1717;0;0;0;0;0;0;0;0;1;3;4;29;True
1718;0;0;0;0;0;0;0;0;1;3;4;29;True
1719;0;0;0;0;0;0;0;0;1;3;4;29;True
1720;0;0;0;0;0;0;0;0;1;3;4;29;True
1721;0;0;0;0;0;0;0;0;1;3;4;29;True
1722;0;0;0;0;0;0;0;0;1;3;4;29;True
1723;0;0;0;0;0;0;0;0;0;3;4;29;True
1724;0;0;0;0;0;0;0;0;0;3;4;28;False
1725;0;0;0;0;0;0;0;0;0;3;4;27;False
1726;0;0;0;0;0;0;0;0;0;3;4;26;False
1727;0;0;0;0;0;0;0;0;0;3;4;25;False
1728;0;0;0;0;0;0;0;0;0;3;4;24;False
1729;0;0;0;0;0;0;0;0;0;3;4;23;False
1730;0;0;0;0;0;0;0;0;0;3;4;22;False
1731;0;0;0;0;0;0;0;0;0;3;4;21;False
1732;0;0;0;0;0;0;0;0;0;3;4;20;False
1733;0;0;0;0;0;0;0;0;0;3;4;19;False
1734;0;0;0;0;0;0;0;0;0;3;4;18;False
1735;0;0;0;0;0;0;0;0;0;3;4;17;False
1736;0;0;0;0;0;0;0;0;0;3;4;16;False
1737;0;0;0;0;0;0;0;0;0;3;4;15;False
1738;0;0;0;0;0;0;0;0;0;3;4;14;False
1739;0;0;0;0;0;0;0;0;0;3;4;13;False
1740;0;0;0;0;0;0;0;0;0;3;4;12;False
1741;0;0;0;0;0;0;0;0;0;3;4;11;False
1742;0;0;0;0;0;0;0;0;0;3;4;10;False
1743;0;0;0;0;0;0;0;0;0;3;4;9;False
1744;0;0;0;0;0;0;0;0;0;3;4;8;False
1745;0;0;0;0;0;0;0;0;0;3;4;7;False
1746;0;0;0;0;0;0;0;0;0;3;4;6;False
1747;0;0;0;0;0;0;0;0;0;3;4;5;False
1748;0;0;0;0;0;0;0;0;0;3;4;4;False
1749;0;0;0;0;0;0;0;0;0;3;4;3;False
1750;0;0;0;0;0;0;0;0;0;3;4;2;False
1751;0;0;0;0;0;0;0;0;0;3;4;1;False
1752;0;0;0;0;0;0;0;0;0;3;4;0;False
1753;0;0;0;0;0;0;0;0;0;3;3;59;False
1754;0;0;0;0;0;0;0;0;0;3;3;58;False
1755;0;0;0;0;0;0;0;0;0;3;3;57;False
1756;0;0;0;0;0;0;0;0;0;3;3;56;False
1757;0;0;0;0;0;0;0;0;0;3;3;55;False
1758;0;0;0;0;0;0;0;0;0;3;3;54;False
1759;0;0;0;0;0;0;0;0;0;3;3;53;False
1760;0;0;0;0;0;0;0;0;0;3;3;52;False
1761;0;0;0;0;0;0;0;0;0;3;3;51;False
1762;0;0;0;0;0;0;0;0;0;3;3;50;False
1763;0;0;0;0;0;0;0;0;0;3;3;49;False
1764;0;0;0;0;0;0;0;0;0;3;3;48;False
1765;0;0;0;0;0;0;0;0;0;3;3;47;False
1766;0;0;0;0;0;0;0;0;0;3;3;46;False
1767;0;0;0;0;0;0;0;0;0;3;3;45;False
1768;0;0;0;0;0;0;0;0;0;3;3;44;False
1769;0;0;0;0;0;0;0;0;0;3;3;43;False
1770;0;0;0;0;0;0;0;0;0;3;3;42;False
1771;0;0;0;0;0;0;0;0;0;3;3;41;False
1772;0;0;0;0;0;0;0;0;0;3;3;40;False
1773;0;0;0;0;0;0;0;0;0;3;3;39;False
1774;0;0;0;0;0;0;0;0;0;3;3;38;False
1775;0;0;0;0;0;0;0;0;0;3;3;37;False
1776;0;0;0;0;0;0;0;0;0;3;3;36;False
1777;0;0;0;0;0;0;0;0;0;3;3;35;False
1778;0;0;0;0;0;0;0;0;0;3;3;34;False
1779;0;0;0;0;0;0;0;0;0;3;3;33;False
1780;0;0;0;0;0;0;0;0;0;3;3;32;False
1781;0;0;0;0;0;0;0;0;0;3;3;31;False
1782;0;0;0;0;0;0;0;0;0;3;3;30;False
1783;0;0;0;0;0;0;0;0;0;3;3;29;False
1784;0;0;0;0;0;0;0;0;0;3;3;28;False
1785;0;0;0;0;0;0;0;0;0;3;3;27;False
1786;0;0;0;0;0;0;0;0;0;3;3;26;False
1787;0;0;0;0;0;0;0;0;0;3;3;25;False
1788;0;0;0;0;0;0;0;0;0;3;3;24;False
1789;0;0;0;0;0;0;0;0;0;3;3;23;False
1790;0;0;0;0;0;0;0;0;0;3;3;22;False
1791;0;0;0;0;0;0;0;0;0;3;3;21;False
1792;0;0;0;0;0;0;0;0;0;3;3;20;False
1793;0;0;0;0;0;0;0;0;0;3;3;19;False
1794;0;0;0;0;0;0;0;0;0;3;3;18;False
1795;0;0;0;0;0;0;0;0;0;3;3;17;False
1796;0;0;0;0;0;0;0;0;0;3;3;16;False
1797;0;0;0;0;0;0;0;0;0;3;3;15;False
1798;0;0;0;0;0;0;0;0;0;3;3;14;False
1799;0;0;0;0;0;0;0;0;0;3;3;13;False
1800;0;0;0;0;0;0;0;0;0;3;3;12;False
1801;0;0;0;0;0;0;0;0;0;3;3;11;False
1802;0;0;0;0;0;0;0;0;0;3;3;10;False
1803;0;0;0;0;0;0;0;0;0;3;3;9;False
1804;0;0;0;0;0;0;0;0;0;3;3;8;False
1805;0;0;0;0;0;0;0;0;0;3;3;7;False
1806;0;0;0;0;0;0;0;0;0;3;3;6;False
1807;0;0;0;0;0;0;0;0;0;3;3;5;False
1808;0;0;0;0;0;0;0;0;0;3;3;4;False
1809;0;0;0;0;0;0;0;0;0;3;3;3;False
1810;0;0;0;0;0;0;0;0;0;3;3;2;False
1811;0;0;0;0;0;0;0;0;0;3;3;1;False
1812;0;0;0;0;0;0;0;0;0;3;3;0;False
1813;0;0;0;0;0;0;0;0;0;3;2;59;False
1814;0;0;0;0;0;0;0;0;0;3;2;58;False
1815;0;0;0;0;0;0;0;0;0;3;2;57;False
1816;0;0;0;0;0;0;0;0;0;3;2;56;False
1817;0;0;0;0;0;0;0;0;0;3;2;55;False
1818;0;0;0;0;0;0;0;0;0;3;2;54;False
1819;0;0;0;0;0;0;0;0;0;3;2;53;False
1820;0;0;0;0;0;0;0;0;0;3;2;52;False
1821;0;0;0;0;0;0;0;0;0;3;2;51;False
1822;0;0;0;0;0;0;0;0;0;3;2;50;False
1823;0;0;0;0;0;0;0;0;0;3;2;49;False
1824;0;0;0;0;0;0;0;0;0;3;2;48;False
1825;0;0;0;0;0;0;0;0;0;3;2;47;False
1826;0;0;0;0;0;0;0;0;0;3;2;46;False
1827;0;0;0;0;0;0;0;0;0;3;2;45;True
1828;0;0;0;0;0;0;0;0;0;3;2;45;True
1829;0;0;0;0;0;0;0;0;1;3;2;45;True
1830;0;0;0;0;0;0;0;0;1;3;2;45;True
1831;0;0;0;0;0;0;0;0;1;3;2;45;True
1832;0;0;0;0;0;0;0;0;1;3;2;45;True
1833;0;0;0;0;0;0;0;0;1;3;2;45;True
1834;0;0;0;0;0;0;0;0;1;3;2;45;True
1835;0;0;0;0;0;0;0;0;1;3;2;45;True
1836;0;0;0;0;0;0;0;0;1;3;2;45;True
1837;0;0;0;0;0;0;0;0;1;3;2;45;True
1838;0;0;0;0;0;0;0;0;1;3;2;45;True
1839;0;0;0;0;0;0;0;0;1;3;2;45;True
1840;0;0;0;0;0;0;0;0;1;3;2;45;True
1841;0;0;0;0;0;0;0;0;1;3;2;45;True
1842;0;0;0;0;0;0;0;0;1;3;2;45;True
1843;0;0;0;0;0;0;0;0;1;3;2;45;True
1844;0;0;0;0;0;0;0;0;1;3;2;45;True
1845;0;0;0;0;0;0;0;0;1;3;2;45;True
1846;0;0;0;0;0;0;0;0;1;3;2;45;True
1847;0;0;0;0;0;0;0;0;1;3;2;45;True
1848;0;0;0;0;0;0;0;0;1;3;2;45;True
1849;0;0;0;0;0;0;0;0;1;3;2;45;True
1850;0;0;0;0;0;0;0;0;1;3;2;45;True
1851;0;0;0;0;0;0;0;0;1;3;2;45;True
1852;0;0;0;0;0;0;0;0;1;3;2;45;True
1853;0;0;0;0;0;0;0;0;1;3;2;45;True
1854;0;0;0;0;0;0;0;0;1;3;2;45;True
1855;0;0;0;0;0;0;0;0;1;3;2;45;True
1856;0;0;0;0;0;0;0;0;1;3;2;45;True
1857;0;0;0;0;0;0;0;0;1;3;2;45;True
1858;0;0;0;0;0;0;0;0;1;3;2;45;True
1859;0;0;0;0;0;0;0;0;1;3;2;45;True
1860;0;0;0;0;0;0;0;0;1;3;2;45;True
1861;0;0;0;0;0;0;0;0;1;3;2;45;True
1862;0;0;0;0;0;0;0;0;1;3;2;45;True
1863;0;0;0;0;0;0;0;0;1;3;2;45;True
1864;0;0;0;0;0;0;0;0;1;3;2;45;True
1865;0;0;0;0;0;0;0;0;1;3;2;45;True
1866;0;0;0;0;0;0;0;0;1;3;2;45;True
1867;0;0;0;0;0;0;0;0;1;3;2;45;True
1868;0;0;0;0;0;0;0;0;1;3;2;45;True
1869;0;0;0;0;0;0;0;0;1;3;2;45;True
1870;0;0;0;0;0;0;0;0;1;3;2;45;True
1871;0;0;0;0;0;0;0;0;1;3;2;45;True
1872;0;0;0;0;0;0;0;0;1;3;2;45;True
1873;0;0;0;0;0;0;0;0;1;3;2;45;True
1874;0;0;0;0;0;0;0;0;1;3;2;45;True
1875;0;0;0;0;0;0;0;0;1;3;2;45;True
1876;0;0;0;0;0;0;0;0;1;3;2;45;True
1877;0;0;0;0;0;0;0;0;1;3;2;45;True
1878;0;0;0;0;0;0;0;0;1;3;2;45;True
1879;0;0;0;0;0;0;0;0;1;3;2;45;True
1880;0;0;0;0;0;0;0;0;1;3;2;45;True
1881;0;0;0;0;0;0;0;0;1;3;2;45;True
1882;0;0;0;0;0;0;0;0;1;3;2;45;True
1883;0;0;0;0;0;0;0;0;1;3;2;45;True
1884;0;0;0;0;0;0;0;0;1;3;2;45;True
1885;0;0;0;0;0;0;0;0;1;3;2;45;True
1886;0;0;0;0;0;0;0;0;1;3;2;45;True
1887;0;0;0;0;0;0;0;0;1;3;2;45;True
1888;0;0;0;0;0;0;0;0;1;3;2;45;True
1889;0;0;0;0;0;0;0;0;1;3;2;45;True
1890;0;0;0;0;0;0;0;0;1;3;2;45;True
1891;0;0;0;0;0;0;0;0;1;3;2;45;True
1892;0;0;0;0;0;0;0;0;1;3;2;45;True
1893;0;0;0;0;0;0;0;0;1;3;2;45;True
1894;0;0;0;0;0;0;0;0;1;3;2;45;True
1895;0;0;0;0;0;0;0;0;1;3;2;45;True
1896;0;0;0;0;0;0;0;0;1;3;2;45;True
1897;0;0;0;0;0;0;0;0;1;3;2;45;True
1898;0;0;0;0;0;0;0;0;1;3;2;45;True
1899;0;0;0;0;0;0;0;0;1;3;2;45;True
1900;0;0;0;0;0;0;0;0;1;3;2;45;True
1901;0;0;0;0;0;0;0;0;1;3;2;45;True
1902;0;1;0;1;0;1;0;0;1;3;2;45;True
1903;0;1;0;1;0;1;0;0;0;3;2;27;True
1904;0;1;0;1;0;1;0;0;0;3;2;27;True
1905;0;1;0;1;0;1;0;0;1;3;2;27;True
1906;0;0;0;0;0;0;0;0;1;3;2;27;True
1907;0;0;0;0;0;0;0;0;1;3;2;27;True
1908;0;0;0;0;0;0;0;0;1;3;2;27;True
1909;0;0;0;0;0;0;0;0;1;3;2;27;True
1910;0;0;0;0;0;0;0;0;1;3;2;27;True
1911;0;0;0;0;0;0;0;0;1;3;2;27;True
1912;0;0;0;0;0;0;0;0;1;3;2;27;True
1913;0;0;0;0;0;0;0;0;1;3;2;27;True
1914;0;0;0;0;0;0;0;0;1;3;2;27;True
1915;0;0;0;0;0;0;0;0;1;3;2;27;True
1916;0;0;0;0;0;0;0;0;1;3;2;27;True
1917;0;0;0;0;0;0;0;0;1;3;2;27;True
1918;0;1;0;1;0;1;1;0;1;3;2;27;True
1919;0;1;0;1;0;1;0;0;0;3;2;27;True
1920;0;1;0;1;0;1;0;0;0;3;2;27;True
1921;0;1;0;1;0;1;0;0;1;3;2;27;True
1922;0;0;0;0;0;0;0;0;1;3;2;27;True
1923;0;0;0;0;0;0;0;0;1;3;2;27;True
1924;0;0;0;0;0;0;0;0;1;3;2;27;True
1925;0;0;0;0;0;0;0;0;1;3;2;27;True
1926;0;0;0;0;0;0;0;0;1;3;2;27;True
1927;0;0;0;0;0;0;0;0;1;3;2;27;True
1928;0;0;0;0;0;0;0;0;1;3;2;27;True
1929;0;0;0;0;0;0;0;0;1;3;2;27;True
1930;0;0;0;0;0;0;0;0;1;3;2;27;True
1931;0;0;0;0;0;0;0;0;1;3;2;27;True
1932;0;0;0;0;0;0;0;0;1;3;2;27;True
1933;0;0;0;0;0;0;0;0;1;3;2;27;True
1934;0;0;0;0;0;0;0;0;1;3;2;27;True
1935;0;0;0;0;0;0;0;0;1;3;2;27;True
1936;0;0;0;0;0;0;0;0;1;3;2;27;True
1937;0;0;0;0;0;0;0;0;1;3;2;27;True
1938;0;0;0;0;0;0;0;0;1;3;2;27;True
1939;0;0;0;0;0;0;0;0;1;3;2;27;True
1940;0;0;0;0;0;0;0;0;1;3;2;27;True
1941;0;0;0;0;0;0;0;0;1;3;2;27;True
1942;0;0;0;0;0;0;0;0;1;3;2;27;True
1943;0;0;0;0;0;0;0;0;0;3;2;26;False
1944;0;0;0;0;0;0;0;0;0;3;2;25;False
1945;0;0;0;0;0;0;0;0;0;3;2;24;False
1946;0;0;0;0;0;0;0;0;0;3;2;23;False
1947;0;0;0;0;0;0;0;0;0;3;2;22;False
1948;0;0;0;0;0;0;0;0;0;3;2;21;False
1949;0;0;0;0;0;0;0;0;0;3;2;20;False
1950;0;0;0;0;0;0;0;0;0;3;2;19;False
1951;0;0;0;0;0;0;0;0;0;3;2;18;False
1952;0;0;0;0;0;0;0;0;0;3;2;17;False
1953;0;0;0;0;0;0;0;0;0;3;2;16;False
1954;0;0;0;0;0;0;0;0;0;3;2;15;False
1955;0;0;0;0;0;0;0;0;0;3;2;14;False
1956;0;0;0;0;0;0;0;0;0;3;2;13;False
1957;0;0;0;0;0;0;0;0;0;3;2;12;False
1958;0;0;0;0;0;0;0;0;0;3;2;11;False
1959;0;0;0;0;0;0;0;0;0;3;2;10;False
1960;0;0;0;0;0;0;0;0;0;3;2;9;False
1961;0;0;0;0;0;0;0;0;0;3;2;8;False
1962;0;0;0;0;0;0;0;0;0;3;2;7;False
1963;0;0;0;0;0;0;0;0;0;3;2;6;False
1964;0;0;0;0;0;0;0;0;0;3;2;5;False
1965;0;0;0;0;0;0;0;0;0;3;2;4;False
1966;0;0;0;0;0;0;0;0;0;3;2;3;False
1967;0;0;0;0;0;0;0;0;0;3;2;2;False
1968;0;0;0;0;0;0;0;0;0;3;2;1;False
1969;0;0;0;0;0;0;0;0;0;3;2;0;False
1970;0;0;0;0;0;0;0;0;0;3;1;59;False
1971;0;0;0;0;0;0;0;0;0;3;1;58;False
1972;0;0;0;0;0;0;0;0;0;3;1;57;False
1973;0;0;0;0;0;0;0;0;0;3;1;56;False
1974;0;0;0;0;0;0;0;0;0;3;1;55;False
1975;0;0;0;0;0;0;0;0;0;3;1;54;False
1976;0;0;0;0;0;0;0;0;0;3;1;53;False
1977;0;0;0;0;0;0;0;0;0;3;1;52;False
1978;0;0;0;0;0;0;0;0;0;3;1;51;False
1979;0;0;0;0;0;0;0;0;0;3;1;50;False
1980;0;0;0;0;0;0;0;0;0;3;1;49;False
1981;0;0;0;0;0;0;0;0;0;3;1;48;False
1982;0;0;0;0;0;0;0;0;0;3;1;47;False
1983;0;0;0;0;0;0;0;0;0;3;1;46;False
1984;0;0;0;0;0;0;0;0;0;3;1;45;False
1985;0;0;0;0;0;0;0;0;0;3;1;44;False
1986;0;0;0;0;0;0;0;0;0;3;1;43;False
1987;0;0;0;0;0;0;0;0;0;3;1;42;False
1988;0;0;0;0;0;0;0;0;0;3;1;41;False
1989;0;0;0;0;0;0;0;0;0;3;1;40;False
1990;0;0;0;0;0;0;0;0;0;3;1;39;False
1991;0;0;0;0;0;0;0;0;0;3;1;38;False
1992;0;0;0;0;0;0;0;0;0;3;1;37;False
1993;0;0;0;0;0;0;0;0;0;3;1;36;False
1994;0;0;0;0;0;0;0;0;0;3;1;35;False
1995;0;0;0;0;0;0;0;0;0;3;1;34;False
1996;0;0;0;0;0;0;0;0;0;3;1;33;False
1997;0;0;0;0;0;0;0;0;0;3;1;32;False
1998;0;0;0;0;0;0;0;0;0;3;1;31;False
1999;0;0;0;0;0;0;0;0;0;3;1;30;False
2000;0;0;0;0;0;0;0;0;0;3;1;29;False
2001;0;0;0;0;0;0;0;0;0;3;1;28;False
2002;0;0;0;0;0;0;0;0;0;3;1;27;False
2003;0;0;0;0;0;0;0;0;0;3;1;26;False
2004;0;0;0;0;0;0;0;0;0;3;1;25;False
2005;0;0;0;0;0;0;0;0;0;3;1;24;False
2006;0;0;0;0;0;0;0;0;0;3;1;23;False
2007;0;0;0;0;0;0;0;0;0;3;1;22;False
2008;0;0;0;0;0;0;0;0;0;3;1;21;False
2009;0;0;0;0;0;0;0;0;0;3;1;20;False
2010;0;0;0;0;0;0;0;0;0;3;1;19;False
2011;0;0;0;0;0;0;0;0;0;3;1;18;False
2012;0;0;0;0;0;0;0;0;0;3;1;17;False
2013;0;0;0;0;0;0;0;0;0;3;1;16;False
2014;0;0;0;0;0;0;0;0;0;3;1;15;False
2015;0;0;0;0;0;0;0;0;0;3;1;14;False
2016;0;0;0;0;0;0;0;0;0;3;1;13;False
2017;0;0;0;0;0;0;0;0;0;3;1;12;False
2018;0;0;0;0;0;0;0;0;0;3;1;11;False
2019;0;0;0;0;0;0;0;0;0;3;1;10;False
2020;0;0;0;0;0;0;0;0;0;3;1;9;False
2021;0;0;0;0;0;0;0;0;0;3;1;8;False
2022;0;0;0;0;0;0;0;0;0;3;1;7;False
2023;0;0;0;0;0;0;0;0;0;3;1;6;False
2024;0;0;0;0;0;0;0;0;0;3;1;5;False
2025;0;0;0;0;0;0;0;0;0;3;1;4;False
2026;0;0;0;0;0;0;0;0;0;3;1;3;False
2027;0;0;0;0;0;0;0;0;0;3;1;2;False
2028;0;0;0;0;0;0;0;0;0;3;1;1;False
2029;0;0;0;0;0;0;0;0;0;3;1;0;False
2030;0;0;0;0;0;0;0;0;0;3;0;59;False
2031;0;0;0;0;0;0;0;0;0;3;0;58;False
2032;0;0;0;0;0;0;0;0;0;3;0;57;False
2033;0;0;0;0;0;0;0;0;0;3;0;56;False
2034;0;0;0;0;0;0;0;0;0;3;0;55;False
2035;0;0;0;0;0;0;0;0;0;3;0;54;False
2036;0;0;0;0;0;0;0;0;0;3;0;53;True
2037;0;0;0;0;0;0;0;0;0;3;0;53;True
2038;0;0;0;0;0;0;0;0;1;3;0;53;True
2039;0;0;0;0;0;0;0;0;1;3;0;53;True
2040;0;0;0;0;0;0;0;0;1;3;0;53;True
2041;0;0;0;0;0;0;0;0;1;3;0;53;True
2042;0;0;0;0;0;0;0;0;1;3;0;53;True
2043;0;0;0;0;0;0;0;0;1;3;0;53;True
2044;0;0;0;0;0;0;0;0;1;3;0;53;True
2045;0;0;0;0;0;0;0;0;1;3;0;53;True
2046;0;0;0;0;0;0;0;0;1;3;0;53;True
2047;0;0;0;0;0;0;0;0;1;3;0;53;True
2048;0;0;0;0;0;0;0;0;1;3;0;53;True
2049;0;0;0;0;0;0;0;0;1;3;0;53;True
2050;0;0;0;0;0;0;0;0;1;3;0;53;True
2051;0;0;0;0;0;0;0;0;1;3;0;53;True
2052;0;0;0;0;0;0;0;0;1;3;0;53;True
2053;0;0;0;0;0;0;0;0;1;3;0;53;True
2054;0;0;0;0;0;0;0;0;1;3;0;53;True
2055;0;0;0;0;0;0;0;0;1;3;0;53;True
2056;0;0;0;0;0;0;0;0;1;3;0;53;True
2057;0;0;0;0;0;0;0;0;1;3;0;53;True
2058;0;0;0;0;0;0;0;0;1;3;0;53;True
2059;0;0;0;0;0;0;0;0;1;3;0;53;True
2060;0;0;0;0;0;0;0;0;1;3;0;53;True
2061;0;0;0;0;0;0;0;0;1;3;0;53;True
2062;0;0;0;0;0;0;0;0;1;3;0;53;True
2063;0;0;0;0;0;0;0;0;1;3;0;53;True
2064;0;0;0;0;0;0;0;0;1;3;0;53;True
2065;0;0;0;0;0;0;0;0;1;3;0;53;True
2066;0;0;0;0;0;0;0;0;1;3;0;53;True
2067;0;0;0;0;0;0;0;0;1;3;0;53;True
2068;0;0;0;0;0;0;0;0;1;3;0;53;True
2069;0;0;0;0;0;0;0;0;0;3;0;53;True
2070;0;0;0;0;0;0;0;0;0;3;0;53;True
2071;0;0;0;0;0;0;0;0;0;3;0;53;False
2072;0;0;0;0;0;0;0;0;0;3;0;52;False
2073;0;0;0;0;0;0;0;0;0;3;0;51;False
2074;0;0;0;0;0;0;0;0;0;3;0;50;False
2075;0;0;0;0;0;0;0;0;0;3;0;49;False
2076;0;0;0;0;0;0;0;0;0;3;0;48;False
2077;0;0;0;0;0;0;0;0;0;3;0;47;False
2078;0;0;0;0;0;0;0;0;0;3;0;46;False
2079;0;0;0;0;0;0;0;0;0;3;0;45;False
2080;0;0;0;0;0;0;0;0;0;3;0;44;False
2081;0;0;0;0;0;0;0;0;0;3;0;43;False
2082;0;0;0;0;0;0;0;0;0;3;0;42;False
2083;0;0;0;0;0;0;0;0;0;3;0;41;False
2084;0;0;0;0;0;0;0;0;0;3;0;40;False
2085;0;0;0;0;0;0;0;0;0;3;0;39;False
2086;0;0;0;0;0;0;0;0;0;3;0;38;False
2087;0;0;0;0;0;0;0;0;0;3;0;37;False
2088;0;0;0;0;0;0;0;0;0;3;0;36;False
2089;0;0;0;0;0;0;0;0;0;3;0;35;False
2090;0;0;0;0;0;0;0;0;0;3;0;34;False
2091;0;0;0;0;0;0;0;0;0;3;0;33;False
2092;0;0;0;0;0;0;0;0;0;3;0;32;False
2093;0;0;0;0;0;0;0;0;0;3;0;31;False
2094;0;0;0;0;0;0;0;0;0;3;0;30;False
2095;0;0;0;0;0;0;0;0;0;3;0;29;False
2096;0;0;0;0;0;0;0;0;0;3;0;28;False
2097;0;0;0;0;0;0;0;0;0;3;0;27;False
2098;0;0;0;0;0;0;0;0;0;3;0;26;False
2099;0;0;0;0;0;0;0;0;0;3;0;25;False
2100;0;0;0;0;0;0;0;0;0;3;0;25;True
2101;0;0;0;0;0;0;0;0;0;3;0;25;True
2102;0;0;0;0;0;0;0;0;0;3;0;25;True
2103;0;0;0;0;0;0;0;0;0;3;0;25;True
2104;0;0;0;0;0;0;0;0;0;3;0;25;True
2105;0;0;0;0;0;0;0;0;0;3;0;25;True
2106;0;0;0;0;0;0;0;0;1;3;0;25;True
2107;0;0;0;0;0;0;0;0;1;3;0;25;True
2108;0;0;0;0;0;0;0;0;1;3;0;25;True
2109;0;0;0;0;0;0;0;0;1;3;0;25;True
2110;0;0;0;0;0;0;0;0;1;3;0;25;True
2111;0;0;0;0;0;0;0;0;1;3;0;25;True
2112;0;0;0;0;0;0;0;0;1;3;0;25;True
2113;0;0;0;0;0;0;0;0;1;3;0;25;True
2114;0;0;0;0;0;0;0;0;1;3;0;25;True
2115;0;0;0;0;0;0;0;0;1;3;0;25;True
2116;0;0;0;0;0;0;0;0;1;3;0;25;True
2117;0;0;0;0;0;0;0;0;1;3;0;25;True
2118;0;0;0;0;0;0;0;0;1;3;0;25;True
2119;0;0;0;0;0;0;0;0;1;3;0;25;True
2120;0;0;0;0;0;0;0;0;1;3;0;25;True
2121;0;0;0;0;0;0;0;0;1;3;0;25;True
2122;0;0;0;0;0;0;0;0;1;3;0;25;True
2123;0;0;0;0;0;0;0;0;1;3;0;25;True
2124;0;0;0;0;0;0;0;0;1;3;0;25;True
2125;0;0;0;0;0;0;0;0;1;3;0;25;True
2126;0;0;0;0;0;0;0;0;1;3;0;25;True
2127;0;0;0;0;0;0;0;0;1;3;0;25;True
2128;0;0;0;0;0;0;0;0;1;3;0;25;True
2129;0;0;0;0;0;0;0;0;1;3;0;25;True
2130;0;0;0;0;0;0;0;0;1;3;0;25;True
2131;0;0;0;0;0;0;0;0;1;3;0;25;True
2132;0;0;0;0;0;0;0;0;1;3;0;25;True
2133;0;0;0;0;0;0;0;0;1;3;0;25;True
2134;0;0;0;0;0;0;0;0;1;3;0;25;True
2135;0;0;0;0;0;0;0;0;1;3;0;25;True
2136;0;0;0;0;0;0;0;0;1;3;0;25;True
2137;0;0;0;0;0;0;0;0;1;3;0;25;True
2138;0;0;0;0;0;0;0;0;1;3;0;25;True
2139;0;0;0;0;0;0;0;0;1;3;0;25;True
2140;0;0;0;0;0;0;0;0;1;3;0;25;True
2141;0;0;0;0;0;0;0;0;1;3;0;25;True
2142;0;0;0;0;0;0;0;0;1;3;0;25;True
2143;0;0;0;0;0;0;0;0;1;3;0;25;True
2144;0;0;0;0;0;0;0;0;1;3;0;25;True
2145;0;0;0;0;0;0;0;0;1;3;0;25;True
2146;0;0;0;0;0;0;0;0;1;3;0;25;True
2147;0;0;0;0;0;0;0;0;1;3;0;25;True
2148;0;0;0;0;0;0;0;0;1;3;0;25;True
2149;0;0;0;0;0;0;0;0;1;3;0;25;True
2150;0;0;0;0;0;0;0;0;1;3;0;25;True
2151;0;0;0;0;0;0;0;0;1;3;0;25;True
2152;0;0;0;0;0;0;0;0;1;3;0;25;True
2153;0;0;0;0;0;0;0;0;1;3;0;25;True
2154;0;0;0;0;0;0;0;0;1;3;0;25;True
2155;0;0;0;0;0;0;0;0;1;3;0;25;True
2156;0;0;0;0;0;0;0;0;1;3;0;25;True
2157;0;0;0;0;0;0;0;0;1;3;0;25;True
2158;0;0;0;0;0;0;0;0;1;3;0;25;True
2159;0;0;0;0;0;0;0;0;1;3;0;25;True
2160;0;0;0;0;0;0;0;0;1;3;0;25;True
2161;0;0;0;0;0;0;0;0;1;3;0;25;True
2162;0;0;0;0;0;0;0;0;1;3;0;25;True
2163;0;0;0;0;0;0;0;0;1;3;0;25;True
2164;0;0;0;0;0;0;0;0;1;3;0;25;True
2165;0;0;0;0;0;0;0;0;1;3;0;25;True
2166;0;0;0;0;0;0;0;0;1;3;0;25;True
2167;0;0;0;0;0;0;0;0;1;3;0;25;True
2168;0;0;0;0;0;0;0;0;1;3;0;25;True
2169;0;0;0;0;0;0;0;0;1;3;0;25;True
2170;0;0;0;0;0;0;0;0;1;3;0;25;True
2171;0;0;0;0;0;0;0;0;1;3;0;25;True
2172;0;0;0;0;0;0;0;0;1;3;0;25;True
2173;0;0;0;0;0;0;0;0;1;3;0;25;True
2174;0;0;0;0;0;0;0;0;1;3;0;25;True
2175;0;0;0;0;0;0;0;0;1;3;0;25;True
2176;0;0;0;0;0;0;0;0;1;3;0;25;True
2177;0;0;0;0;0;0;0;0;1;3;0;25;True
2178;0;0;0;0;0;0;0;0;1;3;0;25;True
2179;0;0;0;0;0;0;0;0;1;3;0;25;True
2180;0;0;0;0;0;0;0;0;1;3;0;25;True
2181;0;0;0;0;0;0;0;0;1;3;0;25;True
2182;0;0;0;0;0;0;0;0;1;3;0;25;True
2183;0;0;0;0;0;0;0;0;1;3;0;25;True
2184;0;0;0;0;0;0;0;0;1;3;0;25;True
2185;0;0;0;0;0;0;0;0;1;3;0;25;True
2186;0;0;0;0;0;0;0;0;1;3;0;25;True
2187;0;0;0;0;0;0;0;0;1;3;0;25;True
2188;0;0;0;0;0;0;0;0;1;3;0;25;True
2189;0;0;0;0;0;0;0;0;1;3;0;25;True
2190;0;0;0;0;0;0;0;0;1;3;0;25;True
2191;0;0;0;0;0;0;0;0;1;3;0;25;True
2192;0;0;0;0;0;0;0;0;1;3;0;25;True
2193;0;0;0;0;0;0;0;0;1;3;0;25;True
2194;0;0;0;0;0;0;0;0;1;3;0;25;True
2195;0;0;0;0;0;0;0;0;1;3;0;25;True
2196;0;0;0;0;0;0;0;0;1;3;0;25;True
2197;0;0;0;0;0;0;0;0;1;3;0;25;True
2198;0;0;0;0;0;0;0;0;0;3;0;25;True
2199;0;0;0;0;0;0;0;0;0;3;0;25;True
2200;0;0;0;0;0;0;0;0;0;3;0;25;True
2201;0;0;0;0;0;0;0;0;0;3;0;25;True
2202;0;0;0;0;0;0;0;0;0;3;0;25;True
2203;0;0;0;0;0;0;0;0;0;3;0;25;True
2204;0;0;0;0;0;0;0;0;0;3;0;24;False
2205;0;0;0;0;0;0;0;0;0;3;0;23;False
2206;0;0;0;0;0;0;0;0;0;3;0;22;False
2207;0;0;0;0;0;0;0;0;0;3;0;21;False
2208;0;0;0;0;0;0;0;0;0;3;0;20;False
2209;0;0;0;0;0;0;0;0;0;3;0;19;False
2210;0;0;0;0;0;0;0;0;0;3;0;18;False
2211;0;0;0;0;0;0;0;0;0;3;0;17;False
2212;0;0;0;0;0;0;0;0;0;3;0;16;False
2213;0;0;0;0;0;0;0;0;0;3;0;15;False
2214;0;0;0;0;0;0;0;0;0;3;0;14;False
2215;0;0;0;0;0;0;0;0;0;3;0;13;False
2216;0;0;0;0;0;0;0;0;0;3;0;12;False
2217;0;0;0;0;0;0;0;0;0;3;0;11;False
2218;0;0;0;0;0;0;0;0;0;3;0;10;False
2219;0;0;0;0;0;0;0;0;0;3;0;9;False
2220;0;0;0;0;0;0;0;0;0;3;0;8;False
2221;0;0;0;0;0;0;0;0;0;3;0;7;False
2222;0;0;0;0;0;0;0;0;0;3;0;6;False
2223;0;0;0;0;0;0;0;0;0;3;0;5;False
2224;0;0;0;0;0;0;0;0;0;3;0;4;False
2225;0;0;0;0;0;0;0;0;0;3;0;3;False
2226;0;0;0;0;0;0;0;0;0;3;0;2;False
2227;0;0;0;0;0;0;0;0;0;3;0;1;False
2228;0;0;0;0;0;0;0;0;0;3;0;0;False
2229;0;0;0;0;0;0;0;0;0;3;0;0;False
2230;0;0;0;0;0;0;0;0;0;3;0;0;False
2231;0;0;0;0;0;0;0;0;0;3;0;0;False
2232;0;0;0;0;0;0;0;0;0;3;0;0;False
2233;0;0;0;0;0;0;0;0;0;3;0;0;True
2234;0;0;0;0;0;0;0;0;1;3;0;0;True
2235;0;0;0;0;0;0;0;0;1;3;0;0;True
2236;0;0;0;0;0;0;0;0;1;3;0;0;True
2237;0;0;0;0;0;0;0;0;1;3;0;0;True
2238;0;0;0;0;0;0;0;0;1;3;0;0;True
2239;0;0;0;0;0;0;0;0;1;3;0;0;True
2240;0;0;0;0;0;0;0;0;1;3;0;0;True
2241;0;0;0;0;0;0;0;0;1;3;0;0;True
2242;0;0;0;0;0;0;0;0;1;3;0;0;True
2243;0;0;0;0;0;0;0;0;1;3;0;0;True
2244;0;0;0;0;0;0;0;0;1;3;0;0;True
2245;0;0;0;0;0;0;0;0;1;3;0;0;True
2246;0;0;0;0;0;0;0;0;1;3;0;0;True
2247;0;0;0;0;0;0;0;0;1;3;0;0;True
2248;0;0;0;0;0;0;0;0;1;3;0;0;True
2249;0;0;0;0;0;0;0;0;1;3;0;0;True
2250;0;0;0;0;0;0;0;0;1;3;0;0;True
2251;0;0;0;0;0;0;0;0;1;3;0;0;True
2252;0;0;0;0;0;0;0;0;1;3;0;0;True
2253;0;0;0;0;0;0;0;0;1;3;0;0;True
2254;0;0;0;0;0;0;0;0;1;3;0;0;True
2255;0;0;0;0;0;0;0;0;1;3;0;0;True
2256;0;0;0;0;0;0;0;0;1;3;0;0;True
2257;0;0;0;0;0;0;0;0;1;3;0;0;True
2258;0;0;0;0;0;0;0;0;1;3;0;0;True
2259;0;0;0;0;0;0;0;0;1;3;0;0;True
2260;0;0;0;0;0;0;0;0;1;3;0;0;True
2261;0;0;0;0;0;0;0;0;1;3;0;0;True
2262;0;0;0;0;0;0;0;0;1;3;0;0;True
2263;0;0;0;0;0;0;0;0;1;3;0;0;True
2264;0;0;0;0;0;0;0;0;1;3;0;0;True
2265;0;0;0;0;0;0;0;0;1;3;0;0;True
2266;0;0;0;0;0;0;0;0;1;3;0;0;True
2267;0;0;0;0;0;0;0;0;1;3;0;0;True
2268;0;0;0;0;0;0;0;0;1;3;0;0;True
2269;0;0;0;0;0;0;0;0;1;3;0;0;True
2270;0;0;0;0;0;0;0;0;1;3;0;0;True
2271;0;0;0;0;0;0;0;0;1;3;0;0;True
2272;0;0;0;0;0;0;0;0;1;3;0;0;True
2273;0;0;0;0;0;0;0;0;1;3;0;0;True
2274;0;0;0;0;0;0;0;0;1;3;0;0;True
2275;0;0;0;0;0;0;0;0;1;3;0;0;True
2276;0;0;0;0;0;0;0;0;1;3;0;0;True
2277;0;0;0;0;0;0;0;0;1;3;0;0;True
2278;0;0;0;0;0;0;0;0;1;3;0;0;True
2279;0;0;0;0;0;0;0;0;1;3;0;0;True
2280;0;0;0;0;0;0;0;0;1;3;0;0;True
2281;0;0;0;0;0;0;0;0;1;3;0;0;True
2282;0;0;0;0;0;0;0;0;1;3;0;0;True
2283;0;0;0;0;0;0;0;0;1;3;0;0;True
2284;0;0;0;0;0;0;0;0;1;3;0;0;True
2285;0;0;0;0;0;0;0;0;1;3;0;0;True
2286;0;0;0;0;0;0;0;0;1;3;0;0;True
2287;0;0;0;0;0;0;0;0;1;3;0;0;True
2288;0;0;0;0;0;0;0;0;1;3;0;0;True
2289;0;0;0;0;0;0;0;0;1;3;0;0;True
2290;0;0;0;0;0;0;0;0;1;3;0;0;True
2291;0;0;0;0;0;0;0;0;1;3;0;0;True
2292;0;0;0;0;0;0;0;0;1;3;0;0;True
2293;0;0;0;0;0;0;0;0;1;3;0;0;True
2294;0;0;0;0;0;0;0;0;1;3;0;0;True
2295;0;0;0;0;0;0;0;0;1;3;0;0;True
2296;0;0;0;0;0;0;0;0;1;3;0;0;True
2297;0;0;0;0;0;0;0;0;1;3;0;0;True
2298;0;0;0;0;0;0;0;0;1;3;0;0;True
2299;0;0;0;0;0;0;0;0;1;3;0;0;True
2300;0;0;0;0;0;0;0;0;1;3;0;0;True
2301;0;0;0;0;0;0;0;0;1;3;0;0;True
2302;0;0;0;0;0;0;0;0;1;3;0;0;True
2303;0;0;0;0;0;0;0;0;1;3;0;0;True
2304;0;0;0;0;0;0;0;0;1;3;0;0;True
2305;0;0;0;0;0;0;0;0;1;3;0;0;True
2306;0;0;0;0;0;0;0;0;1;3;0;0;True
2307;0;0;0;0;0;0;0;0;1;3;0;0;True
2308;0;0;0;0;0;0;0;0;1;3;0;0;True
2309;0;0;0;0;0;0;0;0;1;3;0;0;True
2310;0;0;0;0;0;0;0;0;1;3;0;0;True
2311;0;0;0;0;0;0;0;0;1;3;0;0;True
2312;0;0;0;0;0;0;0;0;1;3;0;0;True
2313;0;0;0;0;0;0;0;0;1;3;0;0;True
2314;0;0;0;0;0;0;0;0;1;3;0;0;True
2315;0;0;0;0;0;0;0;0;1;3;0;0;True
2316;0;0;0;0;0;0;0;0;1;3;0;0;True
2317;0;0;0;0;0;0;0;0;1;3;0;0;True
2318;0;0;0;0;0;0;0;0;1;3;0;0;True
2319;0;0;0;0;0;0;0;0;1;3;0;0;True
2320;0;0;0;0;0;0;0;0;1;3;0;0;True
2321;0;0;0;0;0;0;0;0;1;3;0;0;True
2322;0;0;0;0;0;0;0;0;1;3;0;0;True
2323;0;0;0;0;0;0;0;0;1;3;0;0;True
2324;0;0;0;0;0;0;0;0;1;3;0;0;True
2325;0;0;0;0;0;0;0;0;1;3;0;0;True
2326;0;0;0;0;0;0;0;0;1;3;0;0;True
2327;0;0;0;0;0;0;0;0;1;3;0;0;True
2328;0;0;0;0;0;0;0;0;1;3;0;0;True
2329;0;0;0;0;0;0;0;0;1;3;0;0;True
2330;0;0;0;0;0;0;0;0;1;3;0;0;True
2331;0;0;0;0;0;0;0;0;1;3;0;0;True
2332;0;0;0;0;0;0;0;0;1;3;0;0;True
2333;0;0;0;0;0;0;0;0;1;3;0;0;True
2334;0;0;0;0;0;0;0;0;1;3;0;0;True
2335;0;0;0;0;0;0;0;0;1;3;0;0;True
2336;0;0;0;0;0;0;0;0;1;3;0;0;True
2337;0;0;0;0;0;0;0;0;1;3;0;0;True
2338;0;0;0;0;0;0;0;0;1;3;0;0;True
2339;0;0;0;0;0;0;0;0;1;3;0;0;True
2340;0;0;0;0;0;0;0;0;1;3;0;0;True
2341;0;0;0;0;0;0;0;0;1;3;0;0;True
2342;0;0;0;0;0;0;0;0;1;3;0;0;True
2343;0;0;0;0;0;0;0;0;1;3;0;0;True
2344;0;0;0;0;0;0;0;0;1;3;0;0;True
2345;0;0;0;0;0;0;0;0;1;3;0;0;True
2346;0;0;0;0;0;0;0;0;1;3;0;0;True
2347;0;0;0;0;0;0;0;0;1;3;0;0;True
2348;0;0;0;0;0;0;0;0;1;3;0;0;True
2349;0;0;0;0;0;0;0;0;1;3;0;0;True
2350;0;0;0;0;0;0;0;0;1;3;0;0;True
2351;0;0;0;0;0;0;0;0;1;3;0;0;True
2352;0;0;0;0;0;0;0;0;1;3;0;0;True
2353;0;0;0;0;0;0;0;0;1;3;0;0;True
2354;0;0;0;0;0;0;0;0;1;3;0;0;True
2355;0;0;0;0;0;0;0;0;1;3;0;0;True
2356;0;0;0;0;0;0;0;0;1;3;0;0;True
2357;0;0;0;0;0;0;0;0;1;3;0;0;True
2358;0;0;0;0;0;0;0;0;1;3;0;0;True
2359;0;0;0;0;0;0;0;0;1;3;0;0;True
2360;0;0;0;0;0;0;0;0;1;3;0;0;True
2361;0;0;0;0;0;0;0;0;1;3;0;0;True
2362;0;0;0;0;0;0;0;0;0;3;0;0;True
2363;0;0;0;0;0;0;0;0;0;3;0;0;True
2364;0;0;0;0;0;0;0;0;0;3;0;0;True
2365;0;0;0;0;0;0;0;0;0;3;0;0;True
2366;0;0;0;0;0;0;0;0;0;3;0;0;True
2367;0;0;0;0;0;0;0;0;0;3;0;0;True
2368;0;0;0;0;0;0;0;0;0;3;0;0;True
2369;0;0;0;0;0;0;0;0;0;3;0;0;True
2370;0;0;0;0;0;0;0;0;0;3;0;0;True
2371;0;0;0;0;0;0;0;0;0;3;0;0;True
2372;0;0;0;0;0;0;0;0;1;3;0;0;True
2373;0;0;0;0;0;0;0;0;1;3;0;0;True
2374;0;0;0;0;0;0;0;0;1;3;0;0;True
2375;0;0;0;0;0;0;0;0;1;3;0;0;True
2376;0;0;0;0;0;0;0;0;1;3;0;0;True
2377;0;0;0;0;0;0;0;0;1;3;0;0;True
2378;0;0;0;0;0;0;0;0;1;3;0;0;True
2379;0;0;0;0;0;0;0;0;1;3;0;0;True
2380;0;0;0;0;0;0;0;0;1;3;0;0;True
2381;0;0;0;0;0;0;0;0;1;3;0;0;True
2382;0;0;0;0;0;0;0;0;1;3;0;0;True
2383;0;0;0;0;0;0;0;0;1;3;0;0;True
2384;0;0;0;0;0;0;0;0;1;3;0;0;True
2385;0;0;0;0;0;0;0;0;1;3;0;0;True
2386;0;0;0;0;0;0;0;0;1;3;0;0;True
2387;0;0;0;0;0;0;0;0;1;3;0;0;True
2388;0;0;0;0;0;0;0;0;1;3;0;0;True
2389;0;0;0;0;0;0;0;0;1;3;0;0;True
2390;0;0;0;0;0;0;0;0;0;3;0;0;True
2391;0;0;0;0;0;0;0;0;0;3;0;0;True
2392;0;0;0;0;0;0;0;0;0;3;0;0;True
2393;0;0;0;0;0;0;0;0;0;3;0;0;True
2394;0;0;0;0;0;0;0;0;0;3;0;0;True
2395;0;0;0;0;0;0;0;0;0;3;0;0;True
2396;0;0;0;0;0;0;0;0;0;3;0;0;True
2397;0;0;0;0;0;0;0;0;1;3;0;0;True
2398;0;0;0;0;0;0;0;0;1;3;0;0;True
2399;0;0;0;0;0;0;0;0;1;3;0;0;True
2400;0;0;0;0;0;0;0;0;1;3;0;0;True
2401;0;0;0;0;0;0;0;0;1;3;0;0;True
2402;0;0;0;0;0;0;0;0;1;3;0;0;True
2403;0;0;0;0;0;0;0;0;1;3;0;0;True
2404;0;0;0;0;0;0;0;0;1;3;0;0;True
2405;0;0;0;0;0;0;0;0;1;3;0;0;True
2406;0;0;0;0;0;0;0;0;1;3;0;0;True
2407;0;0;0;0;0;0;0;0;1;3;0;0;True
2408;0;0;0;0;0;0;0;0;1;3;0;0;True
2409;0;0;0;0;0;0;0;0;1;3;0;0;True
2410;0;0;0;0;0;0;0;0;1;3;0;0;True
2411;0;0;0;0;0;0;0;0;1;3;0;0;True
2412;0;0;0;0;0;0;0;0;1;3;0;0;True
2413;0;0;0;0;0;0;0;0;1;3;0;0;True
2414;0;0;0;0;0;0;0;0;1;3;0;0;True
2415;0;0;0;0;0;0;0;0;0;3;0;0;True
2416;0;0;0;0;0;0;0;0;0;3;0;0;True
2417;0;0;0;0;0;0;0;0;0;3;0;0;True
2418;0;0;0;0;0;0;0;0;0;3;0;0;True
2419;0;0;0;0;0;0;0;0;0;3;0;0;True
2420;0;0;0;0;0;0;0;0;0;3;0;0;True
2421;0;0;0;0;0;0;0;0;0;3;0;0;True
2422;0;0;0;0;0;0;0;0;0;3;0;0;True
2423;0;0;0;0;0;0;0;0;0;3;0;0;True
2424;0;0;0;0;0;0;0;0;1;3;0;0;True
2425;0;0;0;0;0;0;0;0;1;3;0;0;True
2426;0;0;0;0;0;0;0;0;1;3;0;0;True
2427;0;0;0;0;0;0;0;0;1;3;0;0;True
2428;0;0;0;0;0;0;0;0;1;3;0;0;True
2429;0;0;0;0;0;0;0;0;1;3;0;0;True
2430;0;0;0;0;0;0;0;0;1;3;0;0;True
2431;0;0;0;0;0;0;0;0;1;3;0;0;True
2432;0;0;0;0;0;0;0;0;1;3;0;0;True
2433;0;0;0;0;0;0;0;0;1;3;0;0;True
2434;0;0;0;0;0;0;0;0;1;3;0;0;True
2435;0;0;0;0;0;0;0;0;1;3;0;0;True
2436;0;0;0;0;0;0;0;0;1;3;0;0;True
2437;0;0;0;0;0;0;0;0;1;3;0;0;True
2438;0;0;0;0;0;0;0;0;1;3;0;0;True
2439;0;0;0;0;0;0;0;0;1;3;0;0;True
2440;0;0;0;0;0;0;0;0;1;3;0;0;True
2441;0;0;0;0;0;0;0;0;1;3;0;0;True
2442;0;0;0;0;0;0;0;0;1;3;0;0;True
2443;0;0;0;0;0;0;0;0;1;3;0;0;True
2444;0;0;0;0;0;0;0;0;1;3;0;0;True
2445;0;0;0;0;0;0;0;0;1;3;0;0;True
2446;0;0;0;0;0;0;0;0;1;3;0;0;True
2447;0;0;0;0;0;0;0;0;1;3;0;0;True
2448;0;0;0;0;0;0;0;0;1;3;0;0;True
2449;0;0;0;0;0;0;0;0;1;3;0;0;True
2450;0;0;0;0;0;0;0;0;1;3;0;0;True
2451;0;0;0;0;0;0;0;0;1;3;0;0;True
2452;0;0;0;0;0;0;0;0;1;3;0;0;True
2453;0;0;0;0;0;0;0;0;1;3;0;0;True
2454;0;0;0;0;0;0;0;0;1;3;0;0;True
2455;0;0;0;0;0;0;0;0;1;3;0;0;True
2456;0;0;0;0;0;0;0;0;1;3;0;0;True
2457;0;0;0;0;0;0;0;0;1;3;0;0;True
2458;0;0;0;0;0;0;0;0;1;3;0;0;True
2459;0;0;0;0;0;0;0;0;1;3;0;0;True
2460;0;0;0;0;0;0;0;0;1;3;0;0;True
2461;0;0;0;0;0;0;0;0;1;3;0;0;True
2462;0;0;0;0;0;0;0;0;1;3;0;0;True
2463;0;0;0;0;0;0;0;0;1;3;0;0;True
2464;0;0;0;0;0;0;0;0;0;3;0;0;True
2465;0;0;0;0;0;0;0;0;0;3;0;0;True
2466;0;0;0;0;0;0;0;0;0;3;0;0;True
2467;0;0;0;0;0;0;0;0;0;3;0;0;True
2468;0;0;0;0;0;0;0;0;0;3;0;0;True
2469;0;0;0;0;0;0;0;0;0;3;0;0;True
2470;0;0;0;0;0;0;0;0;0;3;0;0;True
2471;0;0;0;0;0;0;0;0;1;3;0;0;True
2472;0;0;0;0;0;0;0;0;1;3;0;0;True
2473;0;0;0;0;0;0;0;0;1;3;0;0;True
2474;0;0;0;0;0;0;0;0;1;3;0;0;True
2475;0;0;0;0;0;0;0;0;1;3;0;0;True
2476;0;0;0;0;0;0;0;0;1;3;0;0;True
2477;0;0;0;0;0;0;0;0;1;3;0;0;True
2478;0;0;0;0;0;0;0;0;1;3;0;0;True
2479;0;0;0;0;0;0;0;0;1;3;0;0;True
2480;0;0;0;0;0;0;0;0;1;3;0;0;True
2481;0;0;0;0;0;0;0;0;1;3;0;0;True
2482;0;0;0;0;0;0;0;0;1;3;0;0;True
2483;0;0;0;0;0;0;0;0;1;3;0;0;True
2484;0;0;0;0;0;0;0;0;1;3;0;0;True
2485;0;0;0;0;0;0;0;0;1;3;0;0;True
2486;0;0;0;0;0;0;0;0;1;3;0;0;True
2487;0;0;0;0;0;0;0;0;1;3;0;0;True
2488;0;0;0;0;0;0;0;0;1;3;0;0;True
2489;0;0;0;0;0;0;0;0;1;3;0;0;True
2490;0;0;0;0;0;0;0;0;1;3;0;0;True
2491;0;0;0;0;0;0;0;0;1;3;0;0;True
2492;0;0;0;0;0;0;0;0;1;3;0;0;True
2493;0;0;0;0;0;0;0;0;1;3;0;0;True
2494;0;0;0;0;0;0;0;0;1;3;0;0;True
2495;0;0;0;0;0;0;0;0;1;3;0;0;True
2496;0;0;0;0;0;0;0;0;1;3;0;0;True
2497;0;0;0;0;0;0;0;0;1;3;0;0;True
2498;0;0;0;0;0;0;0;0;1;3;0;0;True
2499;0;0;0;0;0;0;0;0;1;3;0;0;True
2500;0;0;0;0;0;0;0;0;1;3;0;0;True
2501;0;0;0;0;0;0;0;0;1;3;0;0;True
2502;0;0;0;0;0;0;0;0;1;3;0;0;True
2504;0;0;0;0;0;0;0;0;1;3;0;0;True
2505;0;0;0;0;0;0;0;0;1;3;0;0;True
2506;0;0;0;0;0;0;0;0;1;3;0;0;True
2507;0;0;0;0;0;0;0;0;1;3;0;0;True
2508;0;0;0;0;0;0;0;0;1;3;0;0;True
2509;0;0;0;0;0;0;0;0;1;3;0;0;True
2510;0;0;0;0;0;0;0;0;1;3;0;0;True
2511;0;0;0;0;0;0;0;0;1;3;0;0;True
2512;0;0;0;0;0;0;0;0;1;3;0;0;True
2513;0;0;0;0;0;0;0;0;1;3;0;0;True
